0000	50 47 44 4d 50 01 0e 00  04 08 01 01 01 00 00 00   PGDMP...........
0010	00 03 00 00 00 00 23 00  00 00 00 0a 00 00 00 00   ......#.........
0020	13 00 00 00 00 05 00 00  00 00 7d 00 00 00 00 01   ..........}.....
0030	00 00 00 00 09 00 00 00  62 61 73 65 64 61 74 6f   ........basedato
0040	73 00 04 00 00 00 31 35  2e 33 00 04 00 00 00 31   s.....15.3.....1
0050	35 2e 33 00 4d 00 00 00  00 5a 0a 00 00 00 00 00   5.3.M....Z......
0060	00 00 00 01 00 00 00 30  00 01 00 00 00 30 00 08   .......0.....0..
0070	00 00 00 45 4e 43 4f 44  49 4e 47 00 08 00 00 00   ...ENCODING.....
0080	45 4e 43 4f 44 49 4e 47  00 02 00 00 00 00 1e 00   ENCODING........
0090	00 00 53 45 54 20 63 6c  69 65 6e 74 5f 65 6e 63   ..SET client_enc
00a0	6f 64 69 6e 67 20 3d 20  27 55 54 46 38 27 3b 0a   oding = 'UTF8';.
00b0	01 01 00 00 00 01 01 00  00 00 01 01 00 00 00 01   ................
00c0	01 00 00 00 01 01 00 00  00 01 01 00 00 00 00 05   ................
00d0	00 00 00 66 61 6c 73 65  01 01 00 00 00 03 00 00   ...false........
00e0	00 00 00 00 00 00 00 5b  0a 00 00 00 00 00 00 00   .......[........
00f0	00 01 00 00 00 30 00 01  00 00 00 30 00 0a 00 00   .....0.....0....
0100	00 53 54 44 53 54 52 49  4e 47 53 00 0a 00 00 00   .STDSTRINGS.....
0110	53 54 44 53 54 52 49 4e  47 53 00 02 00 00 00 00   STDSTRINGS......
0120	28 00 00 00 53 45 54 20  73 74 61 6e 64 61 72 64   (...SET standard
0130	5f 63 6f 6e 66 6f 72 6d  69 6e 67 5f 73 74 72 69   _conforming_stri
0140	6e 67 73 20 3d 20 27 6f  6e 27 3b 0a 01 01 00 00   ngs = 'on';.....
0150	00 01 01 00 00 00 01 01  00 00 00 01 01 00 00 00   ................
0160	01 01 00 00 00 01 01 00  00 00 00 05 00 00 00 66   ...............f
0170	61 6c 73 65 01 01 00 00  00 03 00 00 00 00 00 00   alse............
0180	00 00 00 5c 0a 00 00 00  00 00 00 00 00 01 00 00   ...\............
0190	00 30 00 01 00 00 00 30  00 0a 00 00 00 53 45 41   .0.....0.....SEA
01a0	52 43 48 50 41 54 48 00  0a 00 00 00 53 45 41 52   RCHPATH.....SEAR
01b0	43 48 50 41 54 48 00 02  00 00 00 00 38 00 00 00   CHPATH......8...
01c0	53 45 4c 45 43 54 20 70  67 5f 63 61 74 61 6c 6f   SELECT pg_catalo
01d0	67 2e 73 65 74 5f 63 6f  6e 66 69 67 28 27 73 65   g.set_config('se
01e0	61 72 63 68 5f 70 61 74  68 27 2c 20 27 27 2c 20   arch_path', '', 
01f0	66 61 6c 73 65 29 3b 0a  01 01 00 00 00 01 01 00   false);.........
0200	00 00 01 01 00 00 00 01  01 00 00 00 01 01 00 00   ................
0210	00 01 01 00 00 00 00 05  00 00 00 66 61 6c 73 65   ...........false
0220	01 01 00 00 00 03 00 00  00 00 00 00 00 00 00 5d   ...............]
0230	0a 00 00 00 00 00 00 00  00 04 00 00 00 31 32 36   .............126
0240	32 00 05 00 00 00 32 34  35 37 36 00 09 00 00 00   2.....24576.....
0250	62 61 73 65 64 61 74 6f  73 00 08 00 00 00 44 41   basedatos.....DA
0260	54 41 42 41 53 45 00 02  00 00 00 00 7c 00 00 00   TABASE......|...
0270	43 52 45 41 54 45 20 44  41 54 41 42 41 53 45 20   CREATE DATABASE 
0280	62 61 73 65 64 61 74 6f  73 20 57 49 54 48 20 54   basedatos WITH T
0290	45 4d 50 4c 41 54 45 20  3d 20 74 65 6d 70 6c 61   EMPLATE = templa
02a0	74 65 30 20 45 4e 43 4f  44 49 4e 47 20 3d 20 27   te0 ENCODING = '
02b0	55 54 46 38 27 20 4c 4f  43 41 4c 45 5f 50 52 4f   UTF8' LOCALE_PRO
02c0	56 49 44 45 52 20 3d 20  6c 69 62 63 20 4c 4f 43   VIDER = libc LOC
02d0	41 4c 45 20 3d 20 27 53  70 61 6e 69 73 68 5f 53   ALE = 'Spanish_S
02e0	70 61 69 6e 2e 31 32 35  32 27 3b 0a 00 19 00 00   pain.1252';.....
02f0	00 44 52 4f 50 20 44 41  54 41 42 41 53 45 20 62   .DROP DATABASE b
0300	61 73 65 64 61 74 6f 73  3b 0a 01 01 00 00 00 01   asedatos;.......
0310	01 00 00 00 01 01 00 00  00 01 01 00 00 00 00 07   ................
0320	00 00 00 75 73 75 61 72  69 6f 00 05 00 00 00 66   ...usuario.....f
0330	61 6c 73 65 01 01 00 00  00 03 00 00 00 00 00 00   alse............
0340	00 00 00 ef bf bd 00 00  00 00 00 00 00 00 00 04   ................
0350	00 00 00 31 32 35 39 00  05 00 00 00 32 34 36 34   ...1259.....2464
0360	35 00 07 00 00 00 75 73  75 61 72 69 6f 00 05 00   5.....usuario...
0370	00 00 54 41 42 4c 45 00  02 00 00 00 00 ef bf bd   ..TABLE.........
0380	00 00 00 43 52 45 41 54  45 20 54 41 42 4c 45 20   ...CREATE TABLE 
0390	70 75 62 6c 69 63 2e 75  73 75 61 72 69 6f 20 28   public.usuario (
03a0	0a 20 20 20 20 69 64 5f  75 73 75 61 72 69 6f 20   .    id_usuario 
03b0	69 6e 74 65 67 65 72 20  4e 4f 54 20 4e 55 4c 4c   integer NOT NULL
03c0	2c 0a 20 20 20 20 63 6f  72 72 65 6f 20 63 68 61   ,.    correo cha
03d0	72 61 63 74 65 72 20 76  61 72 79 69 6e 67 28 31   racter varying(1
03e0	30 30 29 20 4e 4f 54 20  4e 55 4c 4c 2c 0a 20 20   00) NOT NULL,.  
03f0	20 20 22 63 6f 6e 74 72  61 73 65 c3 b1 61 22 20     "contrase..a" 
0400	63 68 61 72 61 63 74 65  72 20 76 61 72 79 69 6e   character varyin
0410	67 28 31 30 30 29 20 4e  4f 54 20 4e 55 4c 4c 2c   g(100) NOT NULL,
0420	0a 20 20 20 20 72 6f 6c  20 63 68 61 72 61 63 74   .    rol charact
0430	65 72 28 35 30 29 20 4e  4f 54 20 4e 55 4c 4c 0a   er(50) NOT NULL.
0440	29 3b 0a 00 1b 00 00 00  44 52 4f 50 20 54 41 42   );......DROP TAB
0450	4c 45 20 70 75 62 6c 69  63 2e 75 73 75 61 72 69   LE public.usuari
0460	6f 3b 0a 01 01 00 00 00  00 06 00 00 00 70 75 62   o;...........pub
0470	6c 69 63 00 00 00 00 00  00 04 00 00 00 68 65 61   lic..........hea
0480	70 00 08 00 00 00 70 6f  73 74 67 72 65 73 00 05   p.....postgres..
0490	00 00 00 66 61 6c 73 65  01 01 00 00 00 03 00 00   ...false........
04a0	00 00 00 00 00 00 00 ef  bf bd 00 00 00 00 00 00   ................
04b0	00 00 00 04 00 00 00 31  32 35 39 00 05 00 00 00   .......1259.....
04c0	32 34 36 36 39 00 0a 00  00 00 61 64 6d 69 6e 69   24669.....admini
04d0	73 74 72 61 64 6f 72 00  05 00 00 00 54 41 42 4c   strador.....TABL
04e0	45 00 02 00 00 00 00 ef  bf bd 00 00 00 43 52 45   E............CRE
04f0	41 54 45 20 54 41 42 4c  45 20 70 75 62 6c 69 63   ATE TABLE public
0500	2e 61 64 6d 69 6e 69 73  74 72 61 64 6f 72 20 28   .administrador (
0510	0a 20 20 20 20 69 64 5f  61 64 6d 69 6e 69 73 74   .    id_administ
0520	72 61 64 6f 72 20 69 6e  74 65 67 65 72 20 4e 4f   rador integer NO
0530	54 20 4e 55 4c 4c 2c 0a  20 20 20 20 6e 6f 6d 62   T NULL,.    nomb
0540	72 65 5f 61 64 6d 69 6e  69 73 74 72 61 64 6f 72   re_administrador
0550	20 63 68 61 72 61 63 74  65 72 20 76 61 72 79 69    character varyi
0560	6e 67 28 31 30 30 29 20  4e 4f 54 20 4e 55 4c 4c   ng(100) NOT NULL
0570	0a 29 0a 49 4e 48 45 52  49 54 53 20 28 70 75 62   .).INHERITS (pub
0580	6c 69 63 2e 75 73 75 61  72 69 6f 29 3b 0a 00 21   lic.usuario);..!
0590	00 00 00 44 52 4f 50 20  54 41 42 4c 45 20 70 75   ...DROP TABLE pu
05a0	62 6c 69 63 2e 61 64 6d  69 6e 69 73 74 72 61 64   blic.administrad
05b0	6f 72 3b 0a 01 01 00 00  00 00 06 00 00 00 70 75   or;...........pu
05c0	62 6c 69 63 00 00 00 00  00 00 04 00 00 00 68 65   blic..........he
05d0	61 70 00 08 00 00 00 70  6f 73 74 67 72 65 73 00   ap.....postgres.
05e0	05 00 00 00 66 61 6c 73  65 00 03 00 00 00 32 32   ....false.....22
05f0	34 01 01 00 00 00 03 00  00 00 00 00 00 00 00 00   4...............
0600	ef bf bd 00 00 00 00 00  00 00 00 00 04 00 00 00   ................
0610	31 32 35 39 00 05 00 00  00 32 34 36 36 38 00 22   1259.....24668."
0620	00 00 00 61 64 6d 69 6e  69 73 74 72 61 64 6f 72   ...administrador
0630	5f 69 64 5f 61 64 6d 69  6e 69 73 74 72 61 64 6f   _id_administrado
0640	72 5f 73 65 71 00 08 00  00 00 53 45 51 55 45 4e   r_seq.....SEQUEN
0650	43 45 00 02 00 00 00 00  ef bf bd 00 00 00 43 52   CE............CR
0660	45 41 54 45 20 53 45 51  55 45 4e 43 45 20 70 75   EATE SEQUENCE pu
0670	62 6c 69 63 2e 61 64 6d  69 6e 69 73 74 72 61 64   blic.administrad
0680	6f 72 5f 69 64 5f 61 64  6d 69 6e 69 73 74 72 61   or_id_administra
0690	64 6f 72 5f 73 65 71 0a  20 20 20 20 41 53 20 69   dor_seq.    AS i
06a0	6e 74 65 67 65 72 0a 20  20 20 20 53 54 41 52 54   nteger.    START
06b0	20 57 49 54 48 20 31 0a  20 20 20 20 49 4e 43 52    WITH 1.    INCR
06c0	45 4d 45 4e 54 20 42 59  20 31 0a 20 20 20 20 4e   EMENT BY 1.    N
06d0	4f 20 4d 49 4e 56 41 4c  55 45 0a 20 20 20 20 4e   O MINVALUE.    N
06e0	4f 20 4d 41 58 56 41 4c  55 45 0a 20 20 20 20 43   O MAXVALUE.    C
06f0	41 43 48 45 20 31 3b 0a  00 39 00 00 00 44 52 4f   ACHE 1;..9...DRO
0700	50 20 53 45 51 55 45 4e  43 45 20 70 75 62 6c 69   P SEQUENCE publi
0710	63 2e 61 64 6d 69 6e 69  73 74 72 61 64 6f 72 5f   c.administrador_
0720	69 64 5f 61 64 6d 69 6e  69 73 74 72 61 64 6f 72   id_administrador
0730	5f 73 65 71 3b 0a 01 01  00 00 00 00 06 00 00 00   _seq;...........
0740	70 75 62 6c 69 63 01 01  00 00 00 01 01 00 00 00   public..........
0750	00 08 00 00 00 70 6f 73  74 67 72 65 73 00 05 00   .....postgres...
0760	00 00 66 61 6c 73 65 00  03 00 00 00 32 32 38 01   ..false.....228.
0770	01 00 00 00 03 00 00 00  00 00 00 00 00 00 5e 0a   ..............^.
0780	00 00 00 00 00 00 00 00  01 00 00 00 30 00 01 00   ............0...
0790	00 00 30 00 22 00 00 00  61 64 6d 69 6e 69 73 74   ..0."...administ
07a0	72 61 64 6f 72 5f 69 64  5f 61 64 6d 69 6e 69 73   rador_id_adminis
07b0	74 72 61 64 6f 72 5f 73  65 71 00 11 00 00 00 53   trador_seq.....S
07c0	45 51 55 45 4e 43 45 20  4f 57 4e 45 44 20 42 59   EQUENCE OWNED BY
07d0	00 02 00 00 00 00 69 00  00 00 41 4c 54 45 52 20   ......i...ALTER 
07e0	53 45 51 55 45 4e 43 45  20 70 75 62 6c 69 63 2e   SEQUENCE public.
07f0	61 64 6d 69 6e 69 73 74  72 61 64 6f 72 5f 69 64   administrador_id
0800	5f 61 64 6d 69 6e 69 73  74 72 61 64 6f 72 5f 73   _administrador_s
0810	65 71 20 4f 57 4e 45 44  20 42 59 20 70 75 62 6c   eq OWNED BY publ
0820	69 63 2e 61 64 6d 69 6e  69 73 74 72 61 64 6f 72   ic.administrador
0830	2e 69 64 5f 61 64 6d 69  6e 69 73 74 72 61 64 6f   .id_administrado
0840	72 3b 0a 01 01 00 00 00  01 01 00 00 00 00 06 00   r;..............
0850	00 00 70 75 62 6c 69 63  01 01 00 00 00 01 01 00   ..public........
0860	00 00 00 08 00 00 00 70  6f 73 74 67 72 65 73 00   .......postgres.
0870	05 00 00 00 66 61 6c 73  65 00 03 00 00 00 32 32   ....false.....22
0880	37 01 01 00 00 00 03 00  00 00 00 00 00 00 00 00   7...............
0890	ef bf bd 00 00 00 00 00  00 00 00 00 04 00 00 00   ................
08a0	31 32 35 39 00 05 00 00  00 32 34 36 30 39 00 0a   1259.....24609..
08b0	00 00 00 61 73 69 67 6e  61 74 75 72 61 00 05 00   ...asignatura...
08c0	00 00 54 41 42 4c 45 00  02 00 00 00 00 7e 00 00   ..TABLE......~..
08d0	00 43 52 45 41 54 45 20  54 41 42 4c 45 20 70 75   .CREATE TABLE pu
08e0	62 6c 69 63 2e 61 73 69  67 6e 61 74 75 72 61 20   blic.asignatura 
08f0	28 0a 20 20 20 20 69 64  5f 61 73 69 67 6e 61 74   (.    id_asignat
0900	75 72 61 20 69 6e 74 65  67 65 72 20 4e 4f 54 20   ura integer NOT 
0910	4e 55 4c 4c 2c 0a 20 20  20 20 6e 6f 6d 62 72 65   NULL,.    nombre
0920	5f 61 73 69 67 6e 61 74  75 72 61 20 63 68 61 72   _asignatura char
0930	61 63 74 65 72 20 76 61  72 79 69 6e 67 28 31 30   acter varying(10
0940	30 29 20 4e 4f 54 20 4e  55 4c 4c 0a 29 3b 0a 00   0) NOT NULL.);..
0950	1e 00 00 00 44 52 4f 50  20 54 41 42 4c 45 20 70   ....DROP TABLE p
0960	75 62 6c 69 63 2e 61 73  69 67 6e 61 74 75 72 61   ublic.asignatura
0970	3b 0a 01 01 00 00 00 00  06 00 00 00 70 75 62 6c   ;...........publ
0980	69 63 00 00 00 00 00 00  04 00 00 00 68 65 61 70   ic..........heap
0990	00 08 00 00 00 70 6f 73  74 67 72 65 73 00 05 00   .....postgres...
09a0	00 00 66 61 6c 73 65 01  01 00 00 00 03 00 00 00   ..false.........
09b0	00 00 00 00 00 00 ef bf  bd 00 00 00 00 00 00 00   ................
09c0	00 00 04 00 00 00 31 32  35 39 00 05 00 00 00 32   ......1259.....2
09d0	34 36 30 38 00 1c 00 00  00 61 73 69 67 6e 61 74   4608.....asignat
09e0	75 72 61 5f 69 64 5f 61  73 69 67 6e 61 74 75 72   ura_id_asignatur
09f0	61 5f 73 65 71 00 08 00  00 00 53 45 51 55 45 4e   a_seq.....SEQUEN
0a00	43 45 00 02 00 00 00 00  ef bf bd 00 00 00 43 52   CE............CR
0a10	45 41 54 45 20 53 45 51  55 45 4e 43 45 20 70 75   EATE SEQUENCE pu
0a20	62 6c 69 63 2e 61 73 69  67 6e 61 74 75 72 61 5f   blic.asignatura_
0a30	69 64 5f 61 73 69 67 6e  61 74 75 72 61 5f 73 65   id_asignatura_se
0a40	71 0a 20 20 20 20 41 53  20 69 6e 74 65 67 65 72   q.    AS integer
0a50	0a 20 20 20 20 53 54 41  52 54 20 57 49 54 48 20   .    START WITH 
0a60	31 0a 20 20 20 20 49 4e  43 52 45 4d 45 4e 54 20   1.    INCREMENT 
0a70	42 59 20 31 0a 20 20 20  20 4e 4f 20 4d 49 4e 56   BY 1.    NO MINV
0a80	41 4c 55 45 0a 20 20 20  20 4e 4f 20 4d 41 58 56   ALUE.    NO MAXV
0a90	41 4c 55 45 0a 20 20 20  20 43 41 43 48 45 20 31   ALUE.    CACHE 1
0aa0	3b 0a 00 33 00 00 00 44  52 4f 50 20 53 45 51 55   ;..3...DROP SEQU
0ab0	45 4e 43 45 20 70 75 62  6c 69 63 2e 61 73 69 67   ENCE public.asig
0ac0	6e 61 74 75 72 61 5f 69  64 5f 61 73 69 67 6e 61   natura_id_asigna
0ad0	74 75 72 61 5f 73 65 71  3b 0a 01 01 00 00 00 00   tura_seq;.......
0ae0	06 00 00 00 70 75 62 6c  69 63 01 01 00 00 00 01   ....public......
0af0	01 00 00 00 00 08 00 00  00 70 6f 73 74 67 72 65   .........postgre
0b00	73 00 05 00 00 00 66 61  6c 73 65 00 03 00 00 00   s.....false.....
0b10	32 31 39 01 01 00 00 00  03 00 00 00 00 00 00 00   219.............
0b20	00 00 5f 0a 00 00 00 00  00 00 00 00 01 00 00 00   .._.............
0b30	30 00 01 00 00 00 30 00  1c 00 00 00 61 73 69 67   0.....0.....asig
0b40	6e 61 74 75 72 61 5f 69  64 5f 61 73 69 67 6e 61   natura_id_asigna
0b50	74 75 72 61 5f 73 65 71  00 11 00 00 00 53 45 51   tura_seq.....SEQ
0b60	55 45 4e 43 45 20 4f 57  4e 45 44 20 42 59 00 02   UENCE OWNED BY..
0b70	00 00 00 00 5d 00 00 00  41 4c 54 45 52 20 53 45   ....]...ALTER SE
0b80	51 55 45 4e 43 45 20 70  75 62 6c 69 63 2e 61 73   QUENCE public.as
0b90	69 67 6e 61 74 75 72 61  5f 69 64 5f 61 73 69 67   ignatura_id_asig
0ba0	6e 61 74 75 72 61 5f 73  65 71 20 4f 57 4e 45 44   natura_seq OWNED
0bb0	20 42 59 20 70 75 62 6c  69 63 2e 61 73 69 67 6e    BY public.asign
0bc0	61 74 75 72 61 2e 69 64  5f 61 73 69 67 6e 61 74   atura.id_asignat
0bd0	75 72 61 3b 0a 01 01 00  00 00 01 01 00 00 00 00   ura;............
0be0	06 00 00 00 70 75 62 6c  69 63 01 01 00 00 00 01   ....public......
0bf0	01 00 00 00 00 08 00 00  00 70 6f 73 74 67 72 65   .........postgre
0c00	73 00 05 00 00 00 66 61  6c 73 65 00 03 00 00 00   s.....false.....
0c10	32 31 38 01 01 00 00 00  03 00 00 00 00 00 00 00   218.............
0c20	00 00 ef bf bd 00 00 00  00 00 00 00 00 00 04 00   ................
0c30	00 00 31 32 35 39 00 05  00 00 00 32 34 36 33 33   ..1259.....24633
0c40	00 07 00 00 00 62 72 69  67 61 64 61 00 05 00 00   .....brigada....
0c50	00 54 41 42 4c 45 00 02  00 00 00 00 ef bf bd 00   .TABLE..........
0c60	00 00 43 52 45 41 54 45  20 54 41 42 4c 45 20 70   ..CREATE TABLE p
0c70	75 62 6c 69 63 2e 62 72  69 67 61 64 61 20 28 0a   ublic.brigada (.
0c80	20 20 20 20 69 64 5f 62  72 69 67 61 64 61 20 69       id_brigada i
0c90	6e 74 65 67 65 72 20 4e  4f 54 20 4e 55 4c 4c 2c   nteger NOT NULL,
0ca0	0a 20 20 20 20 69 64 5f  63 61 72 72 65 72 61 20   .    id_carrera 
0cb0	69 6e 74 65 67 65 72 2c  0a 20 20 20 20 6e 6f 6d   integer,.    nom
0cc0	62 72 65 5f 62 72 69 67  61 64 61 20 63 68 61 72   bre_brigada char
0cd0	61 63 74 65 72 20 76 61  72 79 69 6e 67 28 31 30   acter varying(10
0ce0	30 29 20 4e 4f 54 20 4e  55 4c 4c 2c 0a 20 20 20   0) NOT NULL,.   
0cf0	20 22 61 c3 b1 6f 5f 62  72 69 67 61 64 61 22 20    "a..o_brigada" 
0d00	69 6e 74 65 67 65 72 20  4e 4f 54 20 4e 55 4c 4c   integer NOT NULL
0d10	2c 0a 20 20 20 20 22 61  c3 b1 6f 46 69 6e 61 6c   ,.    "a..oFinal
0d20	5f 62 72 69 67 61 64 61  22 20 69 6e 74 65 67 65   _brigada" intege
0d30	72 20 4e 4f 54 20 4e 55  4c 4c 0a 29 3b 0a 00 1b   r NOT NULL.);...
0d40	00 00 00 44 52 4f 50 20  54 41 42 4c 45 20 70 75   ...DROP TABLE pu
0d50	62 6c 69 63 2e 62 72 69  67 61 64 61 3b 0a 01 01   blic.brigada;...
0d60	00 00 00 00 06 00 00 00  70 75 62 6c 69 63 00 00   ........public..
0d70	00 00 00 00 04 00 00 00  68 65 61 70 00 08 00 00   ........heap....
0d80	00 70 6f 73 74 67 72 65  73 00 05 00 00 00 66 61   .postgres.....fa
0d90	6c 73 65 01 01 00 00 00  03 00 00 00 00 00 00 00   lse.............
0da0	00 00 ef bf bd 00 00 00  00 00 00 00 00 00 04 00   ................
0db0	00 00 31 32 35 39 00 05  00 00 00 32 34 36 33 32   ..1259.....24632
0dc0	00 16 00 00 00 62 72 69  67 61 64 61 5f 69 64 5f   .....brigada_id_
0dd0	62 72 69 67 61 64 61 5f  73 65 71 00 08 00 00 00   brigada_seq.....
0de0	53 45 51 55 45 4e 43 45  00 02 00 00 00 00 ef bf   SEQUENCE........
0df0	bd 00 00 00 43 52 45 41  54 45 20 53 45 51 55 45   ....CREATE SEQUE
0e00	4e 43 45 20 70 75 62 6c  69 63 2e 62 72 69 67 61   NCE public.briga
0e10	64 61 5f 69 64 5f 62 72  69 67 61 64 61 5f 73 65   da_id_brigada_se
0e20	71 0a 20 20 20 20 41 53  20 69 6e 74 65 67 65 72   q.    AS integer
0e30	0a 20 20 20 20 53 54 41  52 54 20 57 49 54 48 20   .    START WITH 
0e40	31 0a 20 20 20 20 49 4e  43 52 45 4d 45 4e 54 20   1.    INCREMENT 
0e50	42 59 20 31 0a 20 20 20  20 4e 4f 20 4d 49 4e 56   BY 1.    NO MINV
0e60	41 4c 55 45 0a 20 20 20  20 4e 4f 20 4d 41 58 56   ALUE.    NO MAXV
0e70	41 4c 55 45 0a 20 20 20  20 43 41 43 48 45 20 31   ALUE.    CACHE 1
0e80	3b 0a 00 2d 00 00 00 44  52 4f 50 20 53 45 51 55   ;..-...DROP SEQU
0e90	45 4e 43 45 20 70 75 62  6c 69 63 2e 62 72 69 67   ENCE public.brig
0ea0	61 64 61 5f 69 64 5f 62  72 69 67 61 64 61 5f 73   ada_id_brigada_s
0eb0	65 71 3b 0a 01 01 00 00  00 00 06 00 00 00 70 75   eq;...........pu
0ec0	62 6c 69 63 01 01 00 00  00 01 01 00 00 00 00 08   blic............
0ed0	00 00 00 70 6f 73 74 67  72 65 73 00 05 00 00 00   ...postgres.....
0ee0	66 61 6c 73 65 00 03 00  00 00 32 32 32 01 01 00   false.....222...
0ef0	00 00 03 00 00 00 00 00  00 00 00 00 60 0a 00 00   ............`...
0f00	00 00 00 00 00 00 01 00  00 00 30 00 01 00 00 00   ..........0.....
0f10	30 00 16 00 00 00 62 72  69 67 61 64 61 5f 69 64   0.....brigada_id
0f20	5f 62 72 69 67 61 64 61  5f 73 65 71 00 11 00 00   _brigada_seq....
0f30	00 53 45 51 55 45 4e 43  45 20 4f 57 4e 45 44 20   .SEQUENCE OWNED 
0f40	42 59 00 02 00 00 00 00  51 00 00 00 41 4c 54 45   BY......Q...ALTE
0f50	52 20 53 45 51 55 45 4e  43 45 20 70 75 62 6c 69   R SEQUENCE publi
0f60	63 2e 62 72 69 67 61 64  61 5f 69 64 5f 62 72 69   c.brigada_id_bri
0f70	67 61 64 61 5f 73 65 71  20 4f 57 4e 45 44 20 42   gada_seq OWNED B
0f80	59 20 70 75 62 6c 69 63  2e 62 72 69 67 61 64 61   Y public.brigada
0f90	2e 69 64 5f 62 72 69 67  61 64 61 3b 0a 01 01 00   .id_brigada;....
0fa0	00 00 01 01 00 00 00 00  06 00 00 00 70 75 62 6c   ............publ
0fb0	69 63 01 01 00 00 00 01  01 00 00 00 00 08 00 00   ic..............
0fc0	00 70 6f 73 74 67 72 65  73 00 05 00 00 00 66 61   .postgres.....fa
0fd0	6c 73 65 00 03 00 00 00  32 32 31 01 01 00 00 00   lse.....221.....
0fe0	03 00 00 00 00 00 00 00  00 00 ef bf bd 00 00 00   ................
0ff0	00 00 00 00 00 00 04 00  00 00 31 32 35 39 00 05   ..........1259..
1000	00 00 00 32 34 35 39 35  00 07 00 00 00 63 61 72   ...24595.....car
1010	72 65 72 61 00 05 00 00  00 54 41 42 4c 45 00 02   rera.....TABLE..
1020	00 00 00 00 ef bf bd 00  00 00 43 52 45 41 54 45   ..........CREATE
1030	20 54 41 42 4c 45 20 70  75 62 6c 69 63 2e 63 61    TABLE public.ca
1040	72 72 65 72 61 20 28 0a  20 20 20 20 69 64 5f 63   rrera (.    id_c
1050	61 72 72 65 72 61 20 69  6e 74 65 67 65 72 20 4e   arrera integer N
1060	4f 54 20 4e 55 4c 4c 2c  0a 20 20 20 20 69 64 5f   OT NULL,.    id_
1070	66 61 63 75 6c 74 61 64  20 69 6e 74 65 67 65 72   facultad integer
1080	2c 0a 20 20 20 20 6e 6f  6d 62 72 65 5f 63 61 72   ,.    nombre_car
1090	72 65 72 61 20 63 68 61  72 61 63 74 65 72 20 76   rera character v
10a0	61 72 79 69 6e 67 28 31  30 30 29 20 4e 4f 54 20   arying(100) NOT 
10b0	4e 55 4c 4c 2c 0a 20 20  20 20 22 61 c3 b1 6f 73   NULL,.    "a..os
10c0	22 20 69 6e 74 65 67 65  72 20 4e 4f 54 20 4e 55   " integer NOT NU
10d0	4c 4c 0a 29 3b 0a 00 1b  00 00 00 44 52 4f 50 20   LL.);......DROP 
10e0	54 41 42 4c 45 20 70 75  62 6c 69 63 2e 63 61 72   TABLE public.car
10f0	72 65 72 61 3b 0a 01 01  00 00 00 00 06 00 00 00   rera;...........
1100	70 75 62 6c 69 63 00 00  00 00 00 00 04 00 00 00   public..........
1110	68 65 61 70 00 08 00 00  00 70 6f 73 74 67 72 65   heap.....postgre
1120	73 00 05 00 00 00 66 61  6c 73 65 01 01 00 00 00   s.....false.....
1130	03 00 00 00 00 00 00 00  00 00 ef bf bd 00 00 00   ................
1140	00 00 00 00 00 00 04 00  00 00 31 32 35 39 00 05   ..........1259..
1150	00 00 00 32 34 36 31 37  00 12 00 00 00 63 61 72   ...24617.....car
1160	72 65 72 61 5f 61 73 69  67 6e 61 74 75 72 61 00   rera_asignatura.
1170	05 00 00 00 54 41 42 4c  45 00 02 00 00 00 00 70   ....TABLE......p
1180	00 00 00 43 52 45 41 54  45 20 54 41 42 4c 45 20   ...CREATE TABLE 
1190	70 75 62 6c 69 63 2e 63  61 72 72 65 72 61 5f 61   public.carrera_a
11a0	73 69 67 6e 61 74 75 72  61 20 28 0a 20 20 20 20   signatura (.    
11b0	69 64 5f 63 61 72 72 65  72 61 20 69 6e 74 65 67   id_carrera integ
11c0	65 72 20 4e 4f 54 20 4e  55 4c 4c 2c 0a 20 20 20   er NOT NULL,.   
11d0	20 69 64 5f 61 73 69 67  6e 61 74 75 72 61 20 69    id_asignatura i
11e0	6e 74 65 67 65 72 20 4e  4f 54 20 4e 55 4c 4c 0a   nteger NOT NULL.
11f0	29 3b 0a 00 26 00 00 00  44 52 4f 50 20 54 41 42   );..&...DROP TAB
1200	4c 45 20 70 75 62 6c 69  63 2e 63 61 72 72 65 72   LE public.carrer
1210	61 5f 61 73 69 67 6e 61  74 75 72 61 3b 0a 01 01   a_asignatura;...
1220	00 00 00 00 06 00 00 00  70 75 62 6c 69 63 00 00   ........public..
1230	00 00 00 00 04 00 00 00  68 65 61 70 00 08 00 00   ........heap....
1240	00 70 6f 73 74 67 72 65  73 00 05 00 00 00 66 61   .postgres.....fa
1250	6c 73 65 01 01 00 00 00  03 00 00 00 00 00 00 00   lse.............
1260	00 00 ef bf bd 00 00 00  00 00 00 00 00 00 04 00   ................
1270	00 00 31 32 35 39 00 05  00 00 00 32 34 35 39 34   ..1259.....24594
1280	00 16 00 00 00 63 61 72  72 65 72 61 5f 69 64 5f   .....carrera_id_
1290	63 61 72 72 65 72 61 5f  73 65 71 00 08 00 00 00   carrera_seq.....
12a0	53 45 51 55 45 4e 43 45  00 02 00 00 00 00 ef bf   SEQUENCE........
12b0	bd 00 00 00 43 52 45 41  54 45 20 53 45 51 55 45   ....CREATE SEQUE
12c0	4e 43 45 20 70 75 62 6c  69 63 2e 63 61 72 72 65   NCE public.carre
12d0	72 61 5f 69 64 5f 63 61  72 72 65 72 61 5f 73 65   ra_id_carrera_se
12e0	71 0a 20 20 20 20 41 53  20 69 6e 74 65 67 65 72   q.    AS integer
12f0	0a 20 20 20 20 53 54 41  52 54 20 57 49 54 48 20   .    START WITH 
1300	31 0a 20 20 20 20 49 4e  43 52 45 4d 45 4e 54 20   1.    INCREMENT 
1310	42 59 20 31 0a 20 20 20  20 4e 4f 20 4d 49 4e 56   BY 1.    NO MINV
1320	41 4c 55 45 0a 20 20 20  20 4e 4f 20 4d 41 58 56   ALUE.    NO MAXV
1330	41 4c 55 45 0a 20 20 20  20 43 41 43 48 45 20 31   ALUE.    CACHE 1
1340	3b 0a 00 2d 00 00 00 44  52 4f 50 20 53 45 51 55   ;..-...DROP SEQU
1350	45 4e 43 45 20 70 75 62  6c 69 63 2e 63 61 72 72   ENCE public.carr
1360	65 72 61 5f 69 64 5f 63  61 72 72 65 72 61 5f 73   era_id_carrera_s
1370	65 71 3b 0a 01 01 00 00  00 00 06 00 00 00 70 75   eq;...........pu
1380	62 6c 69 63 01 01 00 00  00 01 01 00 00 00 00 08   blic............
1390	00 00 00 70 6f 73 74 67  72 65 73 00 05 00 00 00   ...postgres.....
13a0	66 61 6c 73 65 00 03 00  00 00 32 31 37 01 01 00   false.....217...
13b0	00 00 03 00 00 00 00 00  00 00 00 00 61 0a 00 00   ............a...
13c0	00 00 00 00 00 00 01 00  00 00 30 00 01 00 00 00   ..........0.....
13d0	30 00 16 00 00 00 63 61  72 72 65 72 61 5f 69 64   0.....carrera_id
13e0	5f 63 61 72 72 65 72 61  5f 73 65 71 00 11 00 00   _carrera_seq....
13f0	00 53 45 51 55 45 4e 43  45 20 4f 57 4e 45 44 20   .SEQUENCE OWNED 
1400	42 59 00 02 00 00 00 00  51 00 00 00 41 4c 54 45   BY......Q...ALTE
1410	52 20 53 45 51 55 45 4e  43 45 20 70 75 62 6c 69   R SEQUENCE publi
1420	63 2e 63 61 72 72 65 72  61 5f 69 64 5f 63 61 72   c.carrera_id_car
1430	72 65 72 61 5f 73 65 71  20 4f 57 4e 45 44 20 42   rera_seq OWNED B
1440	59 20 70 75 62 6c 69 63  2e 63 61 72 72 65 72 61   Y public.carrera
1450	2e 69 64 5f 63 61 72 72  65 72 61 3b 0a 01 01 00   .id_carrera;....
1460	00 00 01 01 00 00 00 00  06 00 00 00 70 75 62 6c   ............publ
1470	69 63 01 01 00 00 00 01  01 00 00 00 00 08 00 00   ic..............
1480	00 70 6f 73 74 67 72 65  73 00 05 00 00 00 66 61   .postgres.....fa
1490	6c 73 65 00 03 00 00 00  32 31 36 01 01 00 00 00   lse.....216.....
14a0	03 00 00 00 00 00 00 00  00 00 ef bf bd 00 00 00   ................
14b0	00 00 00 00 00 00 04 00  00 00 31 32 35 39 00 05   ..........1259..
14c0	00 00 00 32 34 36 35 34  00 0a 00 00 00 65 73 74   ...24654.....est
14d0	75 64 69 61 6e 74 65 00  05 00 00 00 54 41 42 4c   udiante.....TABL
14e0	45 00 02 00 00 00 00 ef  bf bd 00 00 00 43 52 45   E............CRE
14f0	41 54 45 20 54 41 42 4c  45 20 70 75 62 6c 69 63   ATE TABLE public
1500	2e 65 73 74 75 64 69 61  6e 74 65 20 28 0a 20 20   .estudiante (.  
1510	20 20 69 64 5f 65 73 74  75 64 69 61 6e 74 65 20     id_estudiante 
1520	69 6e 74 65 67 65 72 20  4e 4f 54 20 4e 55 4c 4c   integer NOT NULL
1530	2c 0a 20 20 20 20 69 64  5f 62 72 69 67 61 64 61   ,.    id_brigada
1540	20 69 6e 74 65 67 65 72  2c 0a 20 20 20 20 6e 6f    integer,.    no
1550	6d 62 72 65 5f 65 73 74  75 64 69 61 6e 74 65 20   mbre_estudiante 
1560	63 68 61 72 61 63 74 65  72 20 76 61 72 79 69 6e   character varyin
1570	67 28 31 30 30 29 20 4e  4f 54 20 4e 55 4c 4c 2c   g(100) NOT NULL,
1580	0a 20 20 20 20 63 61 72  6e 65 74 20 63 68 61 72   .    carnet char
1590	61 63 74 65 72 20 76 61  72 79 69 6e 67 28 35 30   acter varying(50
15a0	29 20 4e 4f 54 20 4e 55  4c 4c 0a 29 0a 49 4e 48   ) NOT NULL.).INH
15b0	45 52 49 54 53 20 28 70  75 62 6c 69 63 2e 75 73   ERITS (public.us
15c0	75 61 72 69 6f 29 3b 0a  00 1e 00 00 00 44 52 4f   uario);......DRO
15d0	50 20 54 41 42 4c 45 20  70 75 62 6c 69 63 2e 65   P TABLE public.e
15e0	73 74 75 64 69 61 6e 74  65 3b 0a 01 01 00 00 00   studiante;......
15f0	00 06 00 00 00 70 75 62  6c 69 63 00 00 00 00 00   .....public.....
1600	00 04 00 00 00 68 65 61  70 00 08 00 00 00 70 6f   .....heap.....po
1610	73 74 67 72 65 73 00 05  00 00 00 66 61 6c 73 65   stgres.....false
1620	00 03 00 00 00 32 32 34  01 01 00 00 00 03 00 00   .....224........
1630	00 00 00 00 00 00 00 ef  bf bd 00 00 00 00 00 00   ................
1640	00 00 00 04 00 00 00 31  32 35 39 00 05 00 00 00   .......1259.....
1650	32 34 36 35 33 00 1c 00  00 00 65 73 74 75 64 69   24653.....estudi
1660	61 6e 74 65 5f 69 64 5f  65 73 74 75 64 69 61 6e   ante_id_estudian
1670	74 65 5f 73 65 71 00 08  00 00 00 53 45 51 55 45   te_seq.....SEQUE
1680	4e 43 45 00 02 00 00 00  00 ef bf bd 00 00 00 43   NCE............C
1690	52 45 41 54 45 20 53 45  51 55 45 4e 43 45 20 70   REATE SEQUENCE p
16a0	75 62 6c 69 63 2e 65 73  74 75 64 69 61 6e 74 65   ublic.estudiante
16b0	5f 69 64 5f 65 73 74 75  64 69 61 6e 74 65 5f 73   _id_estudiante_s
16c0	65 71 0a 20 20 20 20 41  53 20 69 6e 74 65 67 65   eq.    AS intege
16d0	72 0a 20 20 20 20 53 54  41 52 54 20 57 49 54 48   r.    START WITH
16e0	20 31 0a 20 20 20 20 49  4e 43 52 45 4d 45 4e 54    1.    INCREMENT
16f0	20 42 59 20 31 0a 20 20  20 20 4e 4f 20 4d 49 4e    BY 1.    NO MIN
1700	56 41 4c 55 45 0a 20 20  20 20 4e 4f 20 4d 41 58   VALUE.    NO MAX
1710	56 41 4c 55 45 0a 20 20  20 20 43 41 43 48 45 20   VALUE.    CACHE 
1720	31 3b 0a 00 33 00 00 00  44 52 4f 50 20 53 45 51   1;..3...DROP SEQ
1730	55 45 4e 43 45 20 70 75  62 6c 69 63 2e 65 73 74   UENCE public.est
1740	75 64 69 61 6e 74 65 5f  69 64 5f 65 73 74 75 64   udiante_id_estud
1750	69 61 6e 74 65 5f 73 65  71 3b 0a 01 01 00 00 00   iante_seq;......
1760	00 06 00 00 00 70 75 62  6c 69 63 01 01 00 00 00   .....public.....
1770	01 01 00 00 00 00 08 00  00 00 70 6f 73 74 67 72   ..........postgr
1780	65 73 00 05 00 00 00 66  61 6c 73 65 00 03 00 00   es.....false....
1790	00 32 32 36 01 01 00 00  00 03 00 00 00 00 00 00   .226............
17a0	00 00 00 62 0a 00 00 00  00 00 00 00 00 01 00 00   ...b............
17b0	00 30 00 01 00 00 00 30  00 1c 00 00 00 65 73 74   .0.....0.....est
17c0	75 64 69 61 6e 74 65 5f  69 64 5f 65 73 74 75 64   udiante_id_estud
17d0	69 61 6e 74 65 5f 73 65  71 00 11 00 00 00 53 45   iante_seq.....SE
17e0	51 55 45 4e 43 45 20 4f  57 4e 45 44 20 42 59 00   QUENCE OWNED BY.
17f0	02 00 00 00 00 5d 00 00  00 41 4c 54 45 52 20 53   .....]...ALTER S
1800	45 51 55 45 4e 43 45 20  70 75 62 6c 69 63 2e 65   EQUENCE public.e
1810	73 74 75 64 69 61 6e 74  65 5f 69 64 5f 65 73 74   studiante_id_est
1820	75 64 69 61 6e 74 65 5f  73 65 71 20 4f 57 4e 45   udiante_seq OWNE
1830	44 20 42 59 20 70 75 62  6c 69 63 2e 65 73 74 75   D BY public.estu
1840	64 69 61 6e 74 65 2e 69  64 5f 65 73 74 75 64 69   diante.id_estudi
1850	61 6e 74 65 3b 0a 01 01  00 00 00 01 01 00 00 00   ante;...........
1860	00 06 00 00 00 70 75 62  6c 69 63 01 01 00 00 00   .....public.....
1870	01 01 00 00 00 00 08 00  00 00 70 6f 73 74 67 72   ..........postgr
1880	65 73 00 05 00 00 00 66  61 6c 73 65 00 03 00 00   es.....false....
1890	00 32 32 35 01 01 00 00  00 03 00 00 00 00 00 00   .225............
18a0	00 00 00 ef bf bd 00 00  00 00 00 00 00 00 00 04   ................
18b0	00 00 00 31 32 35 39 00  05 00 00 00 32 34 35 38   ...1259.....2458
18c0	36 00 08 00 00 00 66 61  63 75 6c 74 61 64 00 05   6.....facultad..
18d0	00 00 00 54 41 42 4c 45  00 02 00 00 00 00 78 00   ...TABLE......x.
18e0	00 00 43 52 45 41 54 45  20 54 41 42 4c 45 20 70   ..CREATE TABLE p
18f0	75 62 6c 69 63 2e 66 61  63 75 6c 74 61 64 20 28   ublic.facultad (
1900	0a 20 20 20 20 69 64 5f  66 61 63 75 6c 74 61 64   .    id_facultad
1910	20 69 6e 74 65 67 65 72  20 4e 4f 54 20 4e 55 4c    integer NOT NUL
1920	4c 2c 0a 20 20 20 20 6e  6f 6d 62 72 65 5f 66 61   L,.    nombre_fa
1930	63 75 6c 74 61 64 20 63  68 61 72 61 63 74 65 72   cultad character
1940	20 76 61 72 79 69 6e 67  28 31 30 30 29 20 4e 4f    varying(100) NO
1950	54 20 4e 55 4c 4c 0a 29  3b 0a 00 1c 00 00 00 44   T NULL.);......D
1960	52 4f 50 20 54 41 42 4c  45 20 70 75 62 6c 69 63   ROP TABLE public
1970	2e 66 61 63 75 6c 74 61  64 3b 0a 01 01 00 00 00   .facultad;......
1980	00 06 00 00 00 70 75 62  6c 69 63 00 00 00 00 00   .....public.....
1990	00 04 00 00 00 68 65 61  70 00 08 00 00 00 70 6f   .....heap.....po
19a0	73 74 67 72 65 73 00 05  00 00 00 66 61 6c 73 65   stgres.....false
19b0	01 01 00 00 00 03 00 00  00 00 00 00 00 00 00 ef   ................
19c0	bf bd 00 00 00 00 00 00  00 00 00 04 00 00 00 31   ...............1
19d0	32 35 39 00 05 00 00 00  32 34 35 38 35 00 18 00   259.....24585...
19e0	00 00 66 61 63 75 6c 74  61 64 5f 69 64 5f 66 61   ..facultad_id_fa
19f0	63 75 6c 74 61 64 5f 73  65 71 00 08 00 00 00 53   cultad_seq.....S
1a00	45 51 55 45 4e 43 45 00  02 00 00 00 00 ef bf bd   EQUENCE.........
1a10	00 00 00 43 52 45 41 54  45 20 53 45 51 55 45 4e   ...CREATE SEQUEN
1a20	43 45 20 70 75 62 6c 69  63 2e 66 61 63 75 6c 74   CE public.facult
1a30	61 64 5f 69 64 5f 66 61  63 75 6c 74 61 64 5f 73   ad_id_facultad_s
1a40	65 71 0a 20 20 20 20 41  53 20 69 6e 74 65 67 65   eq.    AS intege
1a50	72 0a 20 20 20 20 53 54  41 52 54 20 57 49 54 48   r.    START WITH
1a60	20 31 0a 20 20 20 20 49  4e 43 52 45 4d 45 4e 54    1.    INCREMENT
1a70	20 42 59 20 31 0a 20 20  20 20 4e 4f 20 4d 49 4e    BY 1.    NO MIN
1a80	56 41 4c 55 45 0a 20 20  20 20 4e 4f 20 4d 41 58   VALUE.    NO MAX
1a90	56 41 4c 55 45 0a 20 20  20 20 43 41 43 48 45 20   VALUE.    CACHE 
1aa0	31 3b 0a 00 2f 00 00 00  44 52 4f 50 20 53 45 51   1;../...DROP SEQ
1ab0	55 45 4e 43 45 20 70 75  62 6c 69 63 2e 66 61 63   UENCE public.fac
1ac0	75 6c 74 61 64 5f 69 64  5f 66 61 63 75 6c 74 61   ultad_id_faculta
1ad0	64 5f 73 65 71 3b 0a 01  01 00 00 00 00 06 00 00   d_seq;..........
1ae0	00 70 75 62 6c 69 63 01  01 00 00 00 01 01 00 00   .public.........
1af0	00 00 08 00 00 00 70 6f  73 74 67 72 65 73 00 05   ......postgres..
1b00	00 00 00 66 61 6c 73 65  00 03 00 00 00 32 31 35   ...false.....215
1b10	01 01 00 00 00 03 00 00  00 00 00 00 00 00 00 63   ...............c
1b20	0a 00 00 00 00 00 00 00  00 01 00 00 00 30 00 01   .............0..
1b30	00 00 00 30 00 18 00 00  00 66 61 63 75 6c 74 61   ...0.....faculta
1b40	64 5f 69 64 5f 66 61 63  75 6c 74 61 64 5f 73 65   d_id_facultad_se
1b50	71 00 11 00 00 00 53 45  51 55 45 4e 43 45 20 4f   q.....SEQUENCE O
1b60	57 4e 45 44 20 42 59 00  02 00 00 00 00 55 00 00   WNED BY......U..
1b70	00 41 4c 54 45 52 20 53  45 51 55 45 4e 43 45 20   .ALTER SEQUENCE 
1b80	70 75 62 6c 69 63 2e 66  61 63 75 6c 74 61 64 5f   public.facultad_
1b90	69 64 5f 66 61 63 75 6c  74 61 64 5f 73 65 71 20   id_facultad_seq 
1ba0	4f 57 4e 45 44 20 42 59  20 70 75 62 6c 69 63 2e   OWNED BY public.
1bb0	66 61 63 75 6c 74 61 64  2e 69 64 5f 66 61 63 75   facultad.id_facu
1bc0	6c 74 61 64 3b 0a 01 01  00 00 00 01 01 00 00 00   ltad;...........
1bd0	00 06 00 00 00 70 75 62  6c 69 63 01 01 00 00 00   .....public.....
1be0	01 01 00 00 00 00 08 00  00 00 70 6f 73 74 67 72   ..........postgr
1bf0	65 73 00 05 00 00 00 66  61 6c 73 65 00 03 00 00   es.....false....
1c00	00 32 31 34 01 01 00 00  00 03 00 00 00 00 00 00   .214............
1c10	00 00 00 ef bf bd 00 00  00 00 00 00 00 00 00 04   ................
1c20	00 00 00 31 32 35 39 00  05 00 00 00 32 34 36 39   ...1259.....2469
1c30	35 00 04 00 00 00 6e 6f  74 61 00 05 00 00 00 54   5.....nota.....T
1c40	41 42 4c 45 00 02 00 00  00 00 ef bf bd 00 00 00   ABLE............
1c50	43 52 45 41 54 45 20 54  41 42 4c 45 20 70 75 62   CREATE TABLE pub
1c60	6c 69 63 2e 6e 6f 74 61  20 28 0a 20 20 20 20 69   lic.nota (.    i
1c70	64 5f 6e 6f 74 61 20 69  6e 74 65 67 65 72 20 4e   d_nota integer N
1c80	4f 54 20 4e 55 4c 4c 2c  0a 20 20 20 20 69 64 5f   OT NULL,.    id_
1c90	65 73 74 75 64 69 61 6e  74 65 20 69 6e 74 65 67   estudiante integ
1ca0	65 72 2c 0a 20 20 20 20  69 64 5f 61 73 69 67 6e   er,.    id_asign
1cb0	61 74 75 72 61 20 69 6e  74 65 67 65 72 2c 0a 20   atura integer,. 
1cc0	20 20 20 76 61 6c 6f 72  20 6e 75 6d 65 72 69 63      valor numeric
1cd0	28 35 2c 32 29 20 4e 4f  54 20 4e 55 4c 4c 2c 0a   (5,2) NOT NULL,.
1ce0	20 20 20 20 22 61 c3 b1  6f 22 20 69 6e 74 65 67       "a..o" integ
1cf0	65 72 20 4e 4f 54 20 4e  55 4c 4c 0a 29 3b 0a 00   er NOT NULL.);..
1d00	18 00 00 00 44 52 4f 50  20 54 41 42 4c 45 20 70   ....DROP TABLE p
1d10	75 62 6c 69 63 2e 6e 6f  74 61 3b 0a 01 01 00 00   ublic.nota;.....
1d20	00 00 06 00 00 00 70 75  62 6c 69 63 00 00 00 00   ......public....
1d30	00 00 04 00 00 00 68 65  61 70 00 08 00 00 00 70   ......heap.....p
1d40	6f 73 74 67 72 65 73 00  05 00 00 00 66 61 6c 73   ostgres.....fals
1d50	65 01 01 00 00 00 03 00  00 00 00 00 00 00 00 00   e...............
1d60	ef bf bd 00 00 00 00 00  00 00 00 00 04 00 00 00   ................
1d70	31 32 35 39 00 05 00 00  00 32 34 36 39 34 00 10   1259.....24694..
1d80	00 00 00 6e 6f 74 61 5f  69 64 5f 6e 6f 74 61 5f   ...nota_id_nota_
1d90	73 65 71 00 08 00 00 00  53 45 51 55 45 4e 43 45   seq.....SEQUENCE
1da0	00 02 00 00 00 00 ef bf  bd 00 00 00 43 52 45 41   ............CREA
1db0	54 45 20 53 45 51 55 45  4e 43 45 20 70 75 62 6c   TE SEQUENCE publ
1dc0	69 63 2e 6e 6f 74 61 5f  69 64 5f 6e 6f 74 61 5f   ic.nota_id_nota_
1dd0	73 65 71 0a 20 20 20 20  41 53 20 69 6e 74 65 67   seq.    AS integ
1de0	65 72 0a 20 20 20 20 53  54 41 52 54 20 57 49 54   er.    START WIT
1df0	48 20 31 0a 20 20 20 20  49 4e 43 52 45 4d 45 4e   H 1.    INCREMEN
1e00	54 20 42 59 20 31 0a 20  20 20 20 4e 4f 20 4d 49   T BY 1.    NO MI
1e10	4e 56 41 4c 55 45 0a 20  20 20 20 4e 4f 20 4d 41   NVALUE.    NO MA
1e20	58 56 41 4c 55 45 0a 20  20 20 20 43 41 43 48 45   XVALUE.    CACHE
1e30	20 31 3b 0a 00 27 00 00  00 44 52 4f 50 20 53 45    1;..'...DROP SE
1e40	51 55 45 4e 43 45 20 70  75 62 6c 69 63 2e 6e 6f   QUENCE public.no
1e50	74 61 5f 69 64 5f 6e 6f  74 61 5f 73 65 71 3b 0a   ta_id_nota_seq;.
1e60	01 01 00 00 00 00 06 00  00 00 70 75 62 6c 69 63   ..........public
1e70	01 01 00 00 00 01 01 00  00 00 00 08 00 00 00 70   ...............p
1e80	6f 73 74 67 72 65 73 00  05 00 00 00 66 61 6c 73   ostgres.....fals
1e90	65 00 03 00 00 00 32 33  30 01 01 00 00 00 03 00   e.....230.......
1ea0	00 00 00 00 00 00 00 00  64 0a 00 00 00 00 00 00   ........d.......
1eb0	00 00 01 00 00 00 30 00  01 00 00 00 30 00 10 00   ......0.....0...
1ec0	00 00 6e 6f 74 61 5f 69  64 5f 6e 6f 74 61 5f 73   ..nota_id_nota_s
1ed0	65 71 00 11 00 00 00 53  45 51 55 45 4e 43 45 20   eq.....SEQUENCE 
1ee0	4f 57 4e 45 44 20 42 59  00 02 00 00 00 00 45 00   OWNED BY......E.
1ef0	00 00 41 4c 54 45 52 20  53 45 51 55 45 4e 43 45   ..ALTER SEQUENCE
1f00	20 70 75 62 6c 69 63 2e  6e 6f 74 61 5f 69 64 5f    public.nota_id_
1f10	6e 6f 74 61 5f 73 65 71  20 4f 57 4e 45 44 20 42   nota_seq OWNED B
1f20	59 20 70 75 62 6c 69 63  2e 6e 6f 74 61 2e 69 64   Y public.nota.id
1f30	5f 6e 6f 74 61 3b 0a 01  01 00 00 00 01 01 00 00   _nota;..........
1f40	00 00 06 00 00 00 70 75  62 6c 69 63 01 01 00 00   ......public....
1f50	00 01 01 00 00 00 00 08  00 00 00 70 6f 73 74 67   ...........postg
1f60	72 65 73 00 05 00 00 00  66 61 6c 73 65 00 03 00   res.....false...
1f70	00 00 32 32 39 01 01 00  00 00 03 00 00 00 00 00   ..229...........
1f80	00 00 00 00 ef bf bd 00  00 00 00 00 00 00 00 00   ................
1f90	04 00 00 00 31 32 35 39  00 05 00 00 00 32 34 36   ....1259.....246
1fa0	34 34 00 16 00 00 00 75  73 75 61 72 69 6f 5f 69   44.....usuario_i
1fb0	64 5f 75 73 75 61 72 69  6f 5f 73 65 71 00 08 00   d_usuario_seq...
1fc0	00 00 53 45 51 55 45 4e  43 45 00 02 00 00 00 00   ..SEQUENCE......
1fd0	ef bf bd 00 00 00 43 52  45 41 54 45 20 53 45 51   ......CREATE SEQ
1fe0	55 45 4e 43 45 20 70 75  62 6c 69 63 2e 75 73 75   UENCE public.usu
1ff0	61 72 69 6f 5f 69 64 5f  75 73 75 61 72 69 6f 5f   ario_id_usuario_
2000	73 65 71 0a 20 20 20 20  41 53 20 69 6e 74 65 67   seq.    AS integ
2010	65 72 0a 20 20 20 20 53  54 41 52 54 20 57 49 54   er.    START WIT
2020	48 20 31 0a 20 20 20 20  49 4e 43 52 45 4d 45 4e   H 1.    INCREMEN
2030	54 20 42 59 20 31 0a 20  20 20 20 4e 4f 20 4d 49   T BY 1.    NO MI
2040	4e 56 41 4c 55 45 0a 20  20 20 20 4e 4f 20 4d 41   NVALUE.    NO MA
2050	58 56 41 4c 55 45 0a 20  20 20 20 43 41 43 48 45   XVALUE.    CACHE
2060	20 31 3b 0a 00 2d 00 00  00 44 52 4f 50 20 53 45    1;..-...DROP SE
2070	51 55 45 4e 43 45 20 70  75 62 6c 69 63 2e 75 73   QUENCE public.us
2080	75 61 72 69 6f 5f 69 64  5f 75 73 75 61 72 69 6f   uario_id_usuario
2090	5f 73 65 71 3b 0a 01 01  00 00 00 00 06 00 00 00   _seq;...........
20a0	70 75 62 6c 69 63 01 01  00 00 00 01 01 00 00 00   public..........
20b0	00 08 00 00 00 70 6f 73  74 67 72 65 73 00 05 00   .....postgres...
20c0	00 00 66 61 6c 73 65 00  03 00 00 00 32 32 34 01   ..false.....224.
20d0	01 00 00 00 03 00 00 00  00 00 00 00 00 00 65 0a   ..............e.
20e0	00 00 00 00 00 00 00 00  01 00 00 00 30 00 01 00   ............0...
20f0	00 00 30 00 16 00 00 00  75 73 75 61 72 69 6f 5f   ..0.....usuario_
2100	69 64 5f 75 73 75 61 72  69 6f 5f 73 65 71 00 11   id_usuario_seq..
2110	00 00 00 53 45 51 55 45  4e 43 45 20 4f 57 4e 45   ...SEQUENCE OWNE
2120	44 20 42 59 00 02 00 00  00 00 51 00 00 00 41 4c   D BY......Q...AL
2130	54 45 52 20 53 45 51 55  45 4e 43 45 20 70 75 62   TER SEQUENCE pub
2140	6c 69 63 2e 75 73 75 61  72 69 6f 5f 69 64 5f 75   lic.usuario_id_u
2150	73 75 61 72 69 6f 5f 73  65 71 20 4f 57 4e 45 44   suario_seq OWNED
2160	20 42 59 20 70 75 62 6c  69 63 2e 75 73 75 61 72    BY public.usuar
2170	69 6f 2e 69 64 5f 75 73  75 61 72 69 6f 3b 0a 01   io.id_usuario;..
2180	01 00 00 00 01 01 00 00  00 00 06 00 00 00 70 75   ..............pu
2190	62 6c 69 63 01 01 00 00  00 01 01 00 00 00 00 08   blic............
21a0	00 00 00 70 6f 73 74 67  72 65 73 00 05 00 00 00   ...postgres.....
21b0	66 61 6c 73 65 00 03 00  00 00 32 32 33 01 01 00   false.....223...
21c0	00 00 03 00 00 00 00 00  00 00 00 00 ef bf bd 0c   ................
21d0	00 00 00 00 00 00 00 00  04 00 00 00 32 36 30 34   ............2604
21e0	00 05 00 00 00 32 34 36  37 32 00 18 00 00 00 61   .....24672.....a
21f0	64 6d 69 6e 69 73 74 72  61 64 6f 72 20 69 64 5f   dministrador id_
2200	75 73 75 61 72 69 6f 00  07 00 00 00 44 45 46 41   usuario.....DEFA
2210	55 4c 54 00 02 00 00 00  00 7e 00 00 00 41 4c 54   ULT......~...ALT
2220	45 52 20 54 41 42 4c 45  20 4f 4e 4c 59 20 70 75   ER TABLE ONLY pu
2230	62 6c 69 63 2e 61 64 6d  69 6e 69 73 74 72 61 64   blic.administrad
2240	6f 72 20 41 4c 54 45 52  20 43 4f 4c 55 4d 4e 20   or ALTER COLUMN 
2250	69 64 5f 75 73 75 61 72  69 6f 20 53 45 54 20 44   id_usuario SET D
2260	45 46 41 55 4c 54 20 6e  65 78 74 76 61 6c 28 27   EFAULT nextval('
2270	70 75 62 6c 69 63 2e 75  73 75 61 72 69 6f 5f 69   public.usuario_i
2280	64 5f 75 73 75 61 72 69  6f 5f 73 65 71 27 3a 3a   d_usuario_seq'::
2290	72 65 67 63 6c 61 73 73  29 3b 0a 00 47 00 00 00   regclass);..G...
22a0	41 4c 54 45 52 20 54 41  42 4c 45 20 70 75 62 6c   ALTER TABLE publ
22b0	69 63 2e 61 64 6d 69 6e  69 73 74 72 61 64 6f 72   ic.administrador
22c0	20 41 4c 54 45 52 20 43  4f 4c 55 4d 4e 20 69 64    ALTER COLUMN id
22d0	5f 75 73 75 61 72 69 6f  20 44 52 4f 50 20 44 45   _usuario DROP DE
22e0	46 41 55 4c 54 3b 0a 01  01 00 00 00 00 06 00 00   FAULT;..........
22f0	00 70 75 62 6c 69 63 01  01 00 00 00 01 01 00 00   .public.........
2300	00 00 08 00 00 00 70 6f  73 74 67 72 65 73 00 05   ......postgres..
2310	00 00 00 66 61 6c 73 65  00 03 00 00 00 32 32 38   ...false.....228
2320	00 03 00 00 00 32 32 33  01 01 00 00 00 03 00 00   .....223........
2330	00 00 00 00 00 00 00 ef  bf bd 0c 00 00 00 00 00   ................
2340	00 00 00 04 00 00 00 32  36 30 34 00 05 00 00 00   .......2604.....
2350	32 34 36 37 33 00 1e 00  00 00 61 64 6d 69 6e 69   24673.....admini
2360	73 74 72 61 64 6f 72 20  69 64 5f 61 64 6d 69 6e   strador id_admin
2370	69 73 74 72 61 64 6f 72  00 07 00 00 00 44 45 46   istrador.....DEF
2380	41 55 4c 54 00 02 00 00  00 00 ef bf bd 00 00 00   AULT............
2390	41 4c 54 45 52 20 54 41  42 4c 45 20 4f 4e 4c 59   ALTER TABLE ONLY
23a0	20 70 75 62 6c 69 63 2e  61 64 6d 69 6e 69 73 74    public.administ
23b0	72 61 64 6f 72 20 41 4c  54 45 52 20 43 4f 4c 55   rador ALTER COLU
23c0	4d 4e 20 69 64 5f 61 64  6d 69 6e 69 73 74 72 61   MN id_administra
23d0	64 6f 72 20 53 45 54 20  44 45 46 41 55 4c 54 20   dor SET DEFAULT 
23e0	6e 65 78 74 76 61 6c 28  27 70 75 62 6c 69 63 2e   nextval('public.
23f0	61 64 6d 69 6e 69 73 74  72 61 64 6f 72 5f 69 64   administrador_id
2400	5f 61 64 6d 69 6e 69 73  74 72 61 64 6f 72 5f 73   _administrador_s
2410	65 71 27 3a 3a 72 65 67  63 6c 61 73 73 29 3b 0a   eq'::regclass);.
2420	00 4d 00 00 00 41 4c 54  45 52 20 54 41 42 4c 45   .M...ALTER TABLE
2430	20 70 75 62 6c 69 63 2e  61 64 6d 69 6e 69 73 74    public.administ
2440	72 61 64 6f 72 20 41 4c  54 45 52 20 43 4f 4c 55   rador ALTER COLU
2450	4d 4e 20 69 64 5f 61 64  6d 69 6e 69 73 74 72 61   MN id_administra
2460	64 6f 72 20 44 52 4f 50  20 44 45 46 41 55 4c 54   dor DROP DEFAULT
2470	3b 0a 01 01 00 00 00 00  06 00 00 00 70 75 62 6c   ;...........publ
2480	69 63 01 01 00 00 00 01  01 00 00 00 00 08 00 00   ic..............
2490	00 70 6f 73 74 67 72 65  73 00 05 00 00 00 66 61   .postgres.....fa
24a0	6c 73 65 00 03 00 00 00  32 32 37 00 03 00 00 00   lse.....227.....
24b0	32 32 38 00 03 00 00 00  32 32 38 01 01 00 00 00   228.....228.....
24c0	03 00 00 00 00 00 00 00  00 00 ef bf bd 0c 00 00   ................
24d0	00 00 00 00 00 00 04 00  00 00 32 36 30 34 00 05   ..........2604..
24e0	00 00 00 32 34 36 31 32  00 18 00 00 00 61 73 69   ...24612.....asi
24f0	67 6e 61 74 75 72 61 20  69 64 5f 61 73 69 67 6e   gnatura id_asign
2500	61 74 75 72 61 00 07 00  00 00 44 45 46 41 55 4c   atura.....DEFAUL
2510	54 00 02 00 00 00 00 ef  bf bd 00 00 00 41 4c 54   T............ALT
2520	45 52 20 54 41 42 4c 45  20 4f 4e 4c 59 20 70 75   ER TABLE ONLY pu
2530	62 6c 69 63 2e 61 73 69  67 6e 61 74 75 72 61 20   blic.asignatura 
2540	41 4c 54 45 52 20 43 4f  4c 55 4d 4e 20 69 64 5f   ALTER COLUMN id_
2550	61 73 69 67 6e 61 74 75  72 61 20 53 45 54 20 44   asignatura SET D
2560	45 46 41 55 4c 54 20 6e  65 78 74 76 61 6c 28 27   EFAULT nextval('
2570	70 75 62 6c 69 63 2e 61  73 69 67 6e 61 74 75 72   public.asignatur
2580	61 5f 69 64 5f 61 73 69  67 6e 61 74 75 72 61 5f   a_id_asignatura_
2590	73 65 71 27 3a 3a 72 65  67 63 6c 61 73 73 29 3b   seq'::regclass);
25a0	0a 00 47 00 00 00 41 4c  54 45 52 20 54 41 42 4c   ..G...ALTER TABL
25b0	45 20 70 75 62 6c 69 63  2e 61 73 69 67 6e 61 74   E public.asignat
25c0	75 72 61 20 41 4c 54 45  52 20 43 4f 4c 55 4d 4e   ura ALTER COLUMN
25d0	20 69 64 5f 61 73 69 67  6e 61 74 75 72 61 20 44    id_asignatura D
25e0	52 4f 50 20 44 45 46 41  55 4c 54 3b 0a 01 01 00   ROP DEFAULT;....
25f0	00 00 00 06 00 00 00 70  75 62 6c 69 63 01 01 00   .......public...
2600	00 00 01 01 00 00 00 00  08 00 00 00 70 6f 73 74   ............post
2610	67 72 65 73 00 05 00 00  00 66 61 6c 73 65 00 03   gres.....false..
2620	00 00 00 32 31 39 00 03  00 00 00 32 31 38 00 03   ...219.....218..
2630	00 00 00 32 31 39 01 01  00 00 00 03 00 00 00 00   ...219..........
2640	00 00 00 00 00 ef bf bd  0c 00 00 00 00 00 00 00   ................
2650	00 04 00 00 00 32 36 30  34 00 05 00 00 00 32 34   .....2604.....24
2660	36 33 36 00 12 00 00 00  62 72 69 67 61 64 61 20   636.....brigada 
2670	69 64 5f 62 72 69 67 61  64 61 00 07 00 00 00 44   id_brigada.....D
2680	45 46 41 55 4c 54 00 02  00 00 00 00 78 00 00 00   EFAULT......x...
2690	41 4c 54 45 52 20 54 41  42 4c 45 20 4f 4e 4c 59   ALTER TABLE ONLY
26a0	20 70 75 62 6c 69 63 2e  62 72 69 67 61 64 61 20    public.brigada 
26b0	41 4c 54 45 52 20 43 4f  4c 55 4d 4e 20 69 64 5f   ALTER COLUMN id_
26c0	62 72 69 67 61 64 61 20  53 45 54 20 44 45 46 41   brigada SET DEFA
26d0	55 4c 54 20 6e 65 78 74  76 61 6c 28 27 70 75 62   ULT nextval('pub
26e0	6c 69 63 2e 62 72 69 67  61 64 61 5f 69 64 5f 62   lic.brigada_id_b
26f0	72 69 67 61 64 61 5f 73  65 71 27 3a 3a 72 65 67   rigada_seq'::reg
2700	63 6c 61 73 73 29 3b 0a  00 41 00 00 00 41 4c 54   class);..A...ALT
2710	45 52 20 54 41 42 4c 45  20 70 75 62 6c 69 63 2e   ER TABLE public.
2720	62 72 69 67 61 64 61 20  41 4c 54 45 52 20 43 4f   brigada ALTER CO
2730	4c 55 4d 4e 20 69 64 5f  62 72 69 67 61 64 61 20   LUMN id_brigada 
2740	44 52 4f 50 20 44 45 46  41 55 4c 54 3b 0a 01 01   DROP DEFAULT;...
2750	00 00 00 00 06 00 00 00  70 75 62 6c 69 63 01 01   ........public..
2760	00 00 00 01 01 00 00 00  00 08 00 00 00 70 6f 73   .............pos
2770	74 67 72 65 73 00 05 00  00 00 66 61 6c 73 65 00   tgres.....false.
2780	03 00 00 00 32 32 31 00  03 00 00 00 32 32 32 00   ....221.....222.
2790	03 00 00 00 32 32 32 01  01 00 00 00 03 00 00 00   ....222.........
27a0	00 00 00 00 00 00 ef bf  bd 0c 00 00 00 00 00 00   ................
27b0	00 00 04 00 00 00 32 36  30 34 00 05 00 00 00 32   ......2604.....2
27c0	34 35 39 38 00 12 00 00  00 63 61 72 72 65 72 61   4598.....carrera
27d0	20 69 64 5f 63 61 72 72  65 72 61 00 07 00 00 00    id_carrera.....
27e0	44 45 46 41 55 4c 54 00  02 00 00 00 00 78 00 00   DEFAULT......x..
27f0	00 41 4c 54 45 52 20 54  41 42 4c 45 20 4f 4e 4c   .ALTER TABLE ONL
2800	59 20 70 75 62 6c 69 63  2e 63 61 72 72 65 72 61   Y public.carrera
2810	20 41 4c 54 45 52 20 43  4f 4c 55 4d 4e 20 69 64    ALTER COLUMN id
2820	5f 63 61 72 72 65 72 61  20 53 45 54 20 44 45 46   _carrera SET DEF
2830	41 55 4c 54 20 6e 65 78  74 76 61 6c 28 27 70 75   AULT nextval('pu
2840	62 6c 69 63 2e 63 61 72  72 65 72 61 5f 69 64 5f   blic.carrera_id_
2850	63 61 72 72 65 72 61 5f  73 65 71 27 3a 3a 72 65   carrera_seq'::re
2860	67 63 6c 61 73 73 29 3b  0a 00 41 00 00 00 41 4c   gclass);..A...AL
2870	54 45 52 20 54 41 42 4c  45 20 70 75 62 6c 69 63   TER TABLE public
2880	2e 63 61 72 72 65 72 61  20 41 4c 54 45 52 20 43   .carrera ALTER C
2890	4f 4c 55 4d 4e 20 69 64  5f 63 61 72 72 65 72 61   OLUMN id_carrera
28a0	20 44 52 4f 50 20 44 45  46 41 55 4c 54 3b 0a 01    DROP DEFAULT;..
28b0	01 00 00 00 00 06 00 00  00 70 75 62 6c 69 63 01   .........public.
28c0	01 00 00 00 01 01 00 00  00 00 08 00 00 00 70 6f   ..............po
28d0	73 74 67 72 65 73 00 05  00 00 00 66 61 6c 73 65   stgres.....false
28e0	00 03 00 00 00 32 31 36  00 03 00 00 00 32 31 37   .....216.....217
28f0	00 03 00 00 00 32 31 37  01 01 00 00 00 03 00 00   .....217........
2900	00 00 00 00 00 00 00 ef  bf bd 0c 00 00 00 00 00   ................
2910	00 00 00 04 00 00 00 32  36 30 34 00 05 00 00 00   .......2604.....
2920	32 34 36 35 37 00 15 00  00 00 65 73 74 75 64 69   24657.....estudi
2930	61 6e 74 65 20 69 64 5f  75 73 75 61 72 69 6f 00   ante id_usuario.
2940	07 00 00 00 44 45 46 41  55 4c 54 00 02 00 00 00   ....DEFAULT.....
2950	00 7b 00 00 00 41 4c 54  45 52 20 54 41 42 4c 45   .{...ALTER TABLE
2960	20 4f 4e 4c 59 20 70 75  62 6c 69 63 2e 65 73 74    ONLY public.est
2970	75 64 69 61 6e 74 65 20  41 4c 54 45 52 20 43 4f   udiante ALTER CO
2980	4c 55 4d 4e 20 69 64 5f  75 73 75 61 72 69 6f 20   LUMN id_usuario 
2990	53 45 54 20 44 45 46 41  55 4c 54 20 6e 65 78 74   SET DEFAULT next
29a0	76 61 6c 28 27 70 75 62  6c 69 63 2e 75 73 75 61   val('public.usua
29b0	72 69 6f 5f 69 64 5f 75  73 75 61 72 69 6f 5f 73   rio_id_usuario_s
29c0	65 71 27 3a 3a 72 65 67  63 6c 61 73 73 29 3b 0a   eq'::regclass);.
29d0	00 44 00 00 00 41 4c 54  45 52 20 54 41 42 4c 45   .D...ALTER TABLE
29e0	20 70 75 62 6c 69 63 2e  65 73 74 75 64 69 61 6e    public.estudian
29f0	74 65 20 41 4c 54 45 52  20 43 4f 4c 55 4d 4e 20   te ALTER COLUMN 
2a00	69 64 5f 75 73 75 61 72  69 6f 20 44 52 4f 50 20   id_usuario DROP 
2a10	44 45 46 41 55 4c 54 3b  0a 01 01 00 00 00 00 06   DEFAULT;........
2a20	00 00 00 70 75 62 6c 69  63 01 01 00 00 00 01 01   ...public.......
2a30	00 00 00 00 08 00 00 00  70 6f 73 74 67 72 65 73   ........postgres
2a40	00 05 00 00 00 66 61 6c  73 65 00 03 00 00 00 32   .....false.....2
2a50	32 33 00 03 00 00 00 32  32 36 01 01 00 00 00 03   23.....226......
2a60	00 00 00 00 00 00 00 00  00 ef bf bd 0c 00 00 00   ................
2a70	00 00 00 00 00 04 00 00  00 32 36 30 34 00 05 00   .........2604...
2a80	00 00 32 34 36 35 38 00  18 00 00 00 65 73 74 75   ..24658.....estu
2a90	64 69 61 6e 74 65 20 69  64 5f 65 73 74 75 64 69   diante id_estudi
2aa0	61 6e 74 65 00 07 00 00  00 44 45 46 41 55 4c 54   ante.....DEFAULT
2ab0	00 02 00 00 00 00 ef bf  bd 00 00 00 41 4c 54 45   ............ALTE
2ac0	52 20 54 41 42 4c 45 20  4f 4e 4c 59 20 70 75 62   R TABLE ONLY pub
2ad0	6c 69 63 2e 65 73 74 75  64 69 61 6e 74 65 20 41   lic.estudiante A
2ae0	4c 54 45 52 20 43 4f 4c  55 4d 4e 20 69 64 5f 65   LTER COLUMN id_e
2af0	73 74 75 64 69 61 6e 74  65 20 53 45 54 20 44 45   studiante SET DE
2b00	46 41 55 4c 54 20 6e 65  78 74 76 61 6c 28 27 70   FAULT nextval('p
2b10	75 62 6c 69 63 2e 65 73  74 75 64 69 61 6e 74 65   ublic.estudiante
2b20	5f 69 64 5f 65 73 74 75  64 69 61 6e 74 65 5f 73   _id_estudiante_s
2b30	65 71 27 3a 3a 72 65 67  63 6c 61 73 73 29 3b 0a   eq'::regclass);.
2b40	00 47 00 00 00 41 4c 54  45 52 20 54 41 42 4c 45   .G...ALTER TABLE
2b50	20 70 75 62 6c 69 63 2e  65 73 74 75 64 69 61 6e    public.estudian
2b60	74 65 20 41 4c 54 45 52  20 43 4f 4c 55 4d 4e 20   te ALTER COLUMN 
2b70	69 64 5f 65 73 74 75 64  69 61 6e 74 65 20 44 52   id_estudiante DR
2b80	4f 50 20 44 45 46 41 55  4c 54 3b 0a 01 01 00 00   OP DEFAULT;.....
2b90	00 00 06 00 00 00 70 75  62 6c 69 63 01 01 00 00   ......public....
2ba0	00 01 01 00 00 00 00 08  00 00 00 70 6f 73 74 67   ...........postg
2bb0	72 65 73 00 05 00 00 00  66 61 6c 73 65 00 03 00   res.....false...
2bc0	00 00 32 32 35 00 03 00  00 00 32 32 36 00 03 00   ..225.....226...
2bd0	00 00 32 32 36 01 01 00  00 00 03 00 00 00 00 00   ..226...........
2be0	00 00 00 00 ef bf bd 0c  00 00 00 00 00 00 00 00   ................
2bf0	04 00 00 00 32 36 30 34  00 05 00 00 00 32 34 35   ....2604.....245
2c00	38 39 00 14 00 00 00 66  61 63 75 6c 74 61 64 20   89.....facultad 
2c10	69 64 5f 66 61 63 75 6c  74 61 64 00 07 00 00 00   id_facultad.....
2c20	44 45 46 41 55 4c 54 00  02 00 00 00 00 7c 00 00   DEFAULT......|..
2c30	00 41 4c 54 45 52 20 54  41 42 4c 45 20 4f 4e 4c   .ALTER TABLE ONL
2c40	59 20 70 75 62 6c 69 63  2e 66 61 63 75 6c 74 61   Y public.faculta
2c50	64 20 41 4c 54 45 52 20  43 4f 4c 55 4d 4e 20 69   d ALTER COLUMN i
2c60	64 5f 66 61 63 75 6c 74  61 64 20 53 45 54 20 44   d_facultad SET D
2c70	45 46 41 55 4c 54 20 6e  65 78 74 76 61 6c 28 27   EFAULT nextval('
2c80	70 75 62 6c 69 63 2e 66  61 63 75 6c 74 61 64 5f   public.facultad_
2c90	69 64 5f 66 61 63 75 6c  74 61 64 5f 73 65 71 27   id_facultad_seq'
2ca0	3a 3a 72 65 67 63 6c 61  73 73 29 3b 0a 00 43 00   ::regclass);..C.
2cb0	00 00 41 4c 54 45 52 20  54 41 42 4c 45 20 70 75   ..ALTER TABLE pu
2cc0	62 6c 69 63 2e 66 61 63  75 6c 74 61 64 20 41 4c   blic.facultad AL
2cd0	54 45 52 20 43 4f 4c 55  4d 4e 20 69 64 5f 66 61   TER COLUMN id_fa
2ce0	63 75 6c 74 61 64 20 44  52 4f 50 20 44 45 46 41   cultad DROP DEFA
2cf0	55 4c 54 3b 0a 01 01 00  00 00 00 06 00 00 00 70   ULT;...........p
2d00	75 62 6c 69 63 01 01 00  00 00 01 01 00 00 00 00   ublic...........
2d10	08 00 00 00 70 6f 73 74  67 72 65 73 00 05 00 00   ....postgres....
2d20	00 66 61 6c 73 65 00 03  00 00 00 32 31 35 00 03   .false.....215..
2d30	00 00 00 32 31 34 00 03  00 00 00 32 31 35 01 01   ...214.....215..
2d40	00 00 00 03 00 00 00 00  00 00 00 00 00 ef bf bd   ................
2d50	0c 00 00 00 00 00 00 00  00 04 00 00 00 32 36 30   .............260
2d60	34 00 05 00 00 00 32 34  36 39 38 00 0c 00 00 00   4.....24698.....
2d70	6e 6f 74 61 20 69 64 5f  6e 6f 74 61 00 07 00 00   nota id_nota....
2d80	00 44 45 46 41 55 4c 54  00 02 00 00 00 00 6c 00   .DEFAULT......l.
2d90	00 00 41 4c 54 45 52 20  54 41 42 4c 45 20 4f 4e   ..ALTER TABLE ON
2da0	4c 59 20 70 75 62 6c 69  63 2e 6e 6f 74 61 20 41   LY public.nota A
2db0	4c 54 45 52 20 43 4f 4c  55 4d 4e 20 69 64 5f 6e   LTER COLUMN id_n
2dc0	6f 74 61 20 53 45 54 20  44 45 46 41 55 4c 54 20   ota SET DEFAULT 
2dd0	6e 65 78 74 76 61 6c 28  27 70 75 62 6c 69 63 2e   nextval('public.
2de0	6e 6f 74 61 5f 69 64 5f  6e 6f 74 61 5f 73 65 71   nota_id_nota_seq
2df0	27 3a 3a 72 65 67 63 6c  61 73 73 29 3b 0a 00 3b   '::regclass);..;
2e00	00 00 00 41 4c 54 45 52  20 54 41 42 4c 45 20 70   ...ALTER TABLE p
2e10	75 62 6c 69 63 2e 6e 6f  74 61 20 41 4c 54 45 52   ublic.nota ALTER
2e20	20 43 4f 4c 55 4d 4e 20  69 64 5f 6e 6f 74 61 20    COLUMN id_nota 
2e30	44 52 4f 50 20 44 45 46  41 55 4c 54 3b 0a 01 01   DROP DEFAULT;...
2e40	00 00 00 00 06 00 00 00  70 75 62 6c 69 63 01 01   ........public..
2e50	00 00 00 01 01 00 00 00  00 08 00 00 00 70 6f 73   .............pos
2e60	74 67 72 65 73 00 05 00  00 00 66 61 6c 73 65 00   tgres.....false.
2e70	03 00 00 00 32 33 30 00  03 00 00 00 32 32 39 00   ....230.....229.
2e80	03 00 00 00 32 33 30 01  01 00 00 00 03 00 00 00   ....230.........
2e90	00 00 00 00 00 00 ef bf  bd 0c 00 00 00 00 00 00   ................
2ea0	00 00 04 00 00 00 32 36  30 34 00 05 00 00 00 32   ......2604.....2
2eb0	34 36 34 38 00 12 00 00  00 75 73 75 61 72 69 6f   4648.....usuario
2ec0	20 69 64 5f 75 73 75 61  72 69 6f 00 07 00 00 00    id_usuario.....
2ed0	44 45 46 41 55 4c 54 00  02 00 00 00 00 78 00 00   DEFAULT......x..
2ee0	00 41 4c 54 45 52 20 54  41 42 4c 45 20 4f 4e 4c   .ALTER TABLE ONL
2ef0	59 20 70 75 62 6c 69 63  2e 75 73 75 61 72 69 6f   Y public.usuario
2f00	20 41 4c 54 45 52 20 43  4f 4c 55 4d 4e 20 69 64    ALTER COLUMN id
2f10	5f 75 73 75 61 72 69 6f  20 53 45 54 20 44 45 46   _usuario SET DEF
2f20	41 55 4c 54 20 6e 65 78  74 76 61 6c 28 27 70 75   AULT nextval('pu
2f30	62 6c 69 63 2e 75 73 75  61 72 69 6f 5f 69 64 5f   blic.usuario_id_
2f40	75 73 75 61 72 69 6f 5f  73 65 71 27 3a 3a 72 65   usuario_seq'::re
2f50	67 63 6c 61 73 73 29 3b  0a 00 41 00 00 00 41 4c   gclass);..A...AL
2f60	54 45 52 20 54 41 42 4c  45 20 70 75 62 6c 69 63   TER TABLE public
2f70	2e 75 73 75 61 72 69 6f  20 41 4c 54 45 52 20 43   .usuario ALTER C
2f80	4f 4c 55 4d 4e 20 69 64  5f 75 73 75 61 72 69 6f   OLUMN id_usuario
2f90	20 44 52 4f 50 20 44 45  46 41 55 4c 54 3b 0a 01    DROP DEFAULT;..
2fa0	01 00 00 00 00 06 00 00  00 70 75 62 6c 69 63 01   .........public.
2fb0	01 00 00 00 01 01 00 00  00 00 08 00 00 00 70 6f   ..............po
2fc0	73 74 67 72 65 73 00 05  00 00 00 66 61 6c 73 65   stgres.....false
2fd0	00 03 00 00 00 32 32 34  00 03 00 00 00 32 32 33   .....224.....223
2fe0	00 03 00 00 00 32 32 34  01 01 00 00 00 03 00 00   .....224........
2ff0	00 00 00 00 00 00 00 55  0a 00 00 00 01 00 00 00   .......U........
3000	00 01 00 00 00 30 00 05  00 00 00 32 34 36 36 39   .....0.....24669
3010	00 0a 00 00 00 61 64 6d  69 6e 69 73 74 72 61 64   .....administrad
3020	6f 72 00 0a 00 00 00 54  41 42 4c 45 20 44 41 54   or.....TABLE DAT
3030	41 00 03 00 00 00 01 01  00 00 00 01 01 00 00 00   A...............
3040	00 77 00 00 00 43 4f 50  59 20 70 75 62 6c 69 63   .w...COPY public
3050	2e 61 64 6d 69 6e 69 73  74 72 61 64 6f 72 20 28   .administrador (
3060	69 64 5f 75 73 75 61 72  69 6f 2c 20 63 6f 72 72   id_usuario, corr
3070	65 6f 2c 20 22 63 6f 6e  74 72 61 73 65 c3 b1 61   eo, "contrase..a
3080	22 2c 20 69 64 5f 61 64  6d 69 6e 69 73 74 72 61   ", id_administra
3090	64 6f 72 2c 20 6e 6f 6d  62 72 65 5f 61 64 6d 69   dor, nombre_admi
30a0	6e 69 73 74 72 61 64 6f  72 2c 20 72 6f 6c 29 20   nistrador, rol) 
30b0	46 52 4f 4d 20 73 74 64  69 6e 3b 0a 00 06 00 00   FROM stdin;.....
30c0	00 70 75 62 6c 69 63 01  01 00 00 00 01 01 00 00   .public.........
30d0	00 00 08 00 00 00 70 6f  73 74 67 72 65 73 00 05   ......postgres..
30e0	00 00 00 66 61 6c 73 65  00 03 00 00 00 32 32 38   ...false.....228
30f0	01 01 00 00 00 02 03 5d  00 00 00 00 00 00 00 4c   .......].......L
3100	0a 00 00 00 01 00 00 00  00 01 00 00 00 30 00 05   .............0..
3110	00 00 00 32 34 36 30 39  00 0a 00 00 00 61 73 69   ...24609.....asi
3120	67 6e 61 74 75 72 61 00  0a 00 00 00 54 41 42 4c   gnatura.....TABL
3130	45 20 44 41 54 41 00 03  00 00 00 01 01 00 00 00   E DATA..........
3140	01 01 00 00 00 00 46 00  00 00 43 4f 50 59 20 70   ......F...COPY p
3150	75 62 6c 69 63 2e 61 73  69 67 6e 61 74 75 72 61   ublic.asignatura
3160	20 28 69 64 5f 61 73 69  67 6e 61 74 75 72 61 2c    (id_asignatura,
3170	20 6e 6f 6d 62 72 65 5f  61 73 69 67 6e 61 74 75    nombre_asignatu
3180	72 61 29 20 46 52 4f 4d  20 73 74 64 69 6e 3b 0a   ra) FROM stdin;.
3190	00 06 00 00 00 70 75 62  6c 69 63 01 01 00 00 00   .....public.....
31a0	01 01 00 00 00 00 08 00  00 00 70 6f 73 74 67 72   ..........postgr
31b0	65 73 00 05 00 00 00 66  61 6c 73 65 00 03 00 00   es.....false....
31c0	00 32 31 39 01 01 00 00  00 02 47 5d 00 00 00 00   .219......G]....
31d0	00 00 00 4f 0a 00 00 00  01 00 00 00 00 01 00 00   ...O............
31e0	00 30 00 05 00 00 00 32  34 36 33 33 00 07 00 00   .0.....24633....
31f0	00 62 72 69 67 61 64 61  00 0a 00 00 00 54 41 42   .brigada.....TAB
3200	4c 45 20 44 41 54 41 00  03 00 00 00 01 01 00 00   LE DATA.........
3210	00 01 01 00 00 00 00 6e  00 00 00 43 4f 50 59 20   .......n...COPY 
3220	70 75 62 6c 69 63 2e 62  72 69 67 61 64 61 20 28   public.brigada (
3230	69 64 5f 62 72 69 67 61  64 61 2c 20 69 64 5f 63   id_brigada, id_c
3240	61 72 72 65 72 61 2c 20  6e 6f 6d 62 72 65 5f 62   arrera, nombre_b
3250	72 69 67 61 64 61 2c 20  22 61 c3 b1 6f 5f 62 72   rigada, "a..o_br
3260	69 67 61 64 61 22 2c 20  22 61 c3 b1 6f 46 69 6e   igada", "a..oFin
3270	61 6c 5f 62 72 69 67 61  64 61 22 29 20 46 52 4f   al_brigada") FRO
3280	4d 20 73 74 64 69 6e 3b  0a 00 06 00 00 00 70 75   M stdin;......pu
3290	62 6c 69 63 01 01 00 00  00 01 01 00 00 00 00 08   blic............
32a0	00 00 00 70 6f 73 74 67  72 65 73 00 05 00 00 00   ...postgres.....
32b0	66 61 6c 73 65 00 03 00  00 00 32 32 32 01 01 00   false.....222...
32c0	00 00 02 ef bf bd 5d 00  00 00 00 00 00 00 4a 0a   ......].......J.
32d0	00 00 00 01 00 00 00 00  01 00 00 00 30 00 05 00   ............0...
32e0	00 00 32 34 35 39 35 00  07 00 00 00 63 61 72 72   ..24595.....carr
32f0	65 72 61 00 0a 00 00 00  54 41 42 4c 45 20 44 41   era.....TABLE DA
3300	54 41 00 03 00 00 00 01  01 00 00 00 01 01 00 00   TA..............
3310	00 00 53 00 00 00 43 4f  50 59 20 70 75 62 6c 69   ..S...COPY publi
3320	63 2e 63 61 72 72 65 72  61 20 28 69 64 5f 63 61   c.carrera (id_ca
3330	72 72 65 72 61 2c 20 69  64 5f 66 61 63 75 6c 74   rrera, id_facult
3340	61 64 2c 20 6e 6f 6d 62  72 65 5f 63 61 72 72 65   ad, nombre_carre
3350	72 61 2c 20 22 61 c3 b1  6f 73 22 29 20 46 52 4f   ra, "a..os") FRO
3360	4d 20 73 74 64 69 6e 3b  0a 00 06 00 00 00 70 75   M stdin;......pu
3370	62 6c 69 63 01 01 00 00  00 01 01 00 00 00 00 08   blic............
3380	00 00 00 70 6f 73 74 67  72 65 73 00 05 00 00 00   ...postgres.....
3390	66 61 6c 73 65 00 03 00  00 00 32 31 37 01 01 00   false.....217...
33a0	00 00 02 ef bf bd 5d 00  00 00 00 00 00 00 4d 0a   ......].......M.
33b0	00 00 00 01 00 00 00 00  01 00 00 00 30 00 05 00   ............0...
33c0	00 00 32 34 36 31 37 00  12 00 00 00 63 61 72 72   ..24617.....carr
33d0	65 72 61 5f 61 73 69 67  6e 61 74 75 72 61 00 0a   era_asignatura..
33e0	00 00 00 54 41 42 4c 45  20 44 41 54 41 00 03 00   ...TABLE DATA...
33f0	00 00 01 01 00 00 00 01  01 00 00 00 00 47 00 00   .............G..
3400	00 43 4f 50 59 20 70 75  62 6c 69 63 2e 63 61 72   .COPY public.car
3410	72 65 72 61 5f 61 73 69  67 6e 61 74 75 72 61 20   rera_asignatura 
3420	28 69 64 5f 63 61 72 72  65 72 61 2c 20 69 64 5f   (id_carrera, id_
3430	61 73 69 67 6e 61 74 75  72 61 29 20 46 52 4f 4d   asignatura) FROM
3440	20 73 74 64 69 6e 3b 0a  00 06 00 00 00 70 75 62    stdin;......pub
3450	6c 69 63 01 01 00 00 00  01 01 00 00 00 00 08 00   lic.............
3460	00 00 70 6f 73 74 67 72  65 73 00 05 00 00 00 66   ..postgres.....f
3470	61 6c 73 65 00 03 00 00  00 32 32 30 01 01 00 00   alse.....220....
3480	00 02 ef bf bd 5d 00 00  00 00 00 00 00 53 0a 00   .....].......S..
3490	00 00 01 00 00 00 00 01  00 00 00 30 00 05 00 00   ...........0....
34a0	00 32 34 36 35 34 00 0a  00 00 00 65 73 74 75 64   .24654.....estud
34b0	69 61 6e 74 65 00 0a 00  00 00 54 41 42 4c 45 20   iante.....TABLE 
34c0	44 41 54 41 00 03 00 00  00 01 01 00 00 00 01 01   DATA............
34d0	00 00 00 00 ef bf bd 00  00 00 43 4f 50 59 20 70   ..........COPY p
34e0	75 62 6c 69 63 2e 65 73  74 75 64 69 61 6e 74 65   ublic.estudiante
34f0	20 28 69 64 5f 75 73 75  61 72 69 6f 2c 20 63 6f    (id_usuario, co
3500	72 72 65 6f 2c 20 22 63  6f 6e 74 72 61 73 65 c3   rreo, "contrase.
3510	b1 61 22 2c 20 69 64 5f  65 73 74 75 64 69 61 6e   .a", id_estudian
3520	74 65 2c 20 69 64 5f 62  72 69 67 61 64 61 2c 20   te, id_brigada, 
3530	6e 6f 6d 62 72 65 5f 65  73 74 75 64 69 61 6e 74   nombre_estudiant
3540	65 2c 20 63 61 72 6e 65  74 2c 20 72 6f 6c 29 20   e, carnet, rol) 
3550	46 52 4f 4d 20 73 74 64  69 6e 3b 0a 00 06 00 00   FROM stdin;.....
3560	00 70 75 62 6c 69 63 01  01 00 00 00 01 01 00 00   .public.........
3570	00 00 08 00 00 00 70 6f  73 74 67 72 65 73 00 05   ......postgres..
3580	00 00 00 66 61 6c 73 65  00 03 00 00 00 32 32 36   ...false.....226
3590	01 01 00 00 00 02 14 5e  00 00 00 00 00 00 00 48   .......^.......H
35a0	0a 00 00 00 01 00 00 00  00 01 00 00 00 30 00 05   .............0..
35b0	00 00 00 32 34 35 38 36  00 08 00 00 00 66 61 63   ...24586.....fac
35c0	75 6c 74 61 64 00 0a 00  00 00 54 41 42 4c 45 20   ultad.....TABLE 
35d0	44 41 54 41 00 03 00 00  00 01 01 00 00 00 01 01   DATA............
35e0	00 00 00 00 40 00 00 00  43 4f 50 59 20 70 75 62   ....@...COPY pub
35f0	6c 69 63 2e 66 61 63 75  6c 74 61 64 20 28 69 64   lic.facultad (id
3600	5f 66 61 63 75 6c 74 61  64 2c 20 6e 6f 6d 62 72   _facultad, nombr
3610	65 5f 66 61 63 75 6c 74  61 64 29 20 46 52 4f 4d   e_facultad) FROM
3620	20 73 74 64 69 6e 3b 0a  00 06 00 00 00 70 75 62    stdin;......pub
3630	6c 69 63 01 01 00 00 00  01 01 00 00 00 00 08 00   lic.............
3640	00 00 70 6f 73 74 67 72  65 73 00 05 00 00 00 66   ..postgres.....f
3650	61 6c 73 65 00 03 00 00  00 32 31 35 01 01 00 00   alse.....215....
3660	00 02 5f 5e 00 00 00 00  00 00 00 57 0a 00 00 00   .._^.......W....
3670	01 00 00 00 00 01 00 00  00 30 00 05 00 00 00 32   .........0.....2
3680	34 36 39 35 00 04 00 00  00 6e 6f 74 61 00 0a 00   4695.....nota...
3690	00 00 54 41 42 4c 45 20  44 41 54 41 00 03 00 00   ..TABLE DATA....
36a0	00 01 01 00 00 00 01 01  00 00 00 00 54 00 00 00   ............T...
36b0	43 4f 50 59 20 70 75 62  6c 69 63 2e 6e 6f 74 61   COPY public.nota
36c0	20 28 69 64 5f 6e 6f 74  61 2c 20 69 64 5f 65 73    (id_nota, id_es
36d0	74 75 64 69 61 6e 74 65  2c 20 69 64 5f 61 73 69   tudiante, id_asi
36e0	67 6e 61 74 75 72 61 2c  20 76 61 6c 6f 72 2c 20   gnatura, valor, 
36f0	22 61 c3 b1 6f 22 29 20  46 52 4f 4d 20 73 74 64   "a..o") FROM std
3700	69 6e 3b 0a 00 06 00 00  00 70 75 62 6c 69 63 01   in;......public.
3710	01 00 00 00 01 01 00 00  00 00 08 00 00 00 70 6f   ..............po
3720	73 74 67 72 65 73 00 05  00 00 00 66 61 6c 73 65   stgres.....false
3730	00 03 00 00 00 32 33 30  01 01 00 00 00 02 ef bf   .....230........
3740	bd 5e 00 00 00 00 00 00  00 51 0a 00 00 00 01 00   .^.......Q......
3750	00 00 00 01 00 00 00 30  00 05 00 00 00 32 34 36   .......0.....246
3760	34 35 00 07 00 00 00 75  73 75 61 72 69 6f 00 0a   45.....usuario..
3770	00 00 00 54 41 42 4c 45  20 44 41 54 41 00 03 00   ...TABLE DATA...
3780	00 00 01 01 00 00 00 01  01 00 00 00 00 49 00 00   .............I..
3790	00 43 4f 50 59 20 70 75  62 6c 69 63 2e 75 73 75   .COPY public.usu
37a0	61 72 69 6f 20 28 69 64  5f 75 73 75 61 72 69 6f   ario (id_usuario
37b0	2c 20 63 6f 72 72 65 6f  2c 20 22 63 6f 6e 74 72   , correo, "contr
37c0	61 73 65 c3 b1 61 22 2c  20 72 6f 6c 29 20 46 52   ase..a", rol) FR
37d0	4f 4d 20 73 74 64 69 6e  3b 0a 00 06 00 00 00 70   OM stdin;......p
37e0	75 62 6c 69 63 01 01 00  00 00 01 01 00 00 00 00   ublic...........
37f0	08 00 00 00 70 6f 73 74  67 72 65 73 00 05 00 00   ....postgres....
3800	00 66 61 6c 73 65 00 03  00 00 00 32 32 34 01 01   .false.....224..
3810	00 00 00 02 ef bf bd 5e  00 00 00 00 00 00 00 66   .......^.......f
3820	0a 00 00 00 00 00 00 00  00 01 00 00 00 30 00 01   .............0..
3830	00 00 00 30 00 22 00 00  00 61 64 6d 69 6e 69 73   ...0."...adminis
3840	74 72 61 64 6f 72 5f 69  64 5f 61 64 6d 69 6e 69   trador_id_admini
3850	73 74 72 61 64 6f 72 5f  73 65 71 00 0c 00 00 00   strador_seq.....
3860	53 45 51 55 45 4e 43 45  20 53 45 54 00 03 00 00   SEQUENCE SET....
3870	00 00 50 00 00 00 53 45  4c 45 43 54 20 70 67 5f   ..P...SELECT pg_
3880	63 61 74 61 6c 6f 67 2e  73 65 74 76 61 6c 28 27   catalog.setval('
3890	70 75 62 6c 69 63 2e 61  64 6d 69 6e 69 73 74 72   public.administr
38a0	61 64 6f 72 5f 69 64 5f  61 64 6d 69 6e 69 73 74   ador_id_administ
38b0	72 61 64 6f 72 5f 73 65  71 27 2c 20 31 2c 20 74   rador_seq', 1, t
38c0	72 75 65 29 3b 0a 01 01  00 00 00 01 01 00 00 00   rue);...........
38d0	00 06 00 00 00 70 75 62  6c 69 63 01 01 00 00 00   .....public.....
38e0	01 01 00 00 00 00 08 00  00 00 70 6f 73 74 67 72   ..........postgr
38f0	65 73 00 05 00 00 00 66  61 6c 73 65 00 03 00 00   es.....false....
3900	00 32 32 37 01 01 00 00  00 03 00 00 00 00 00 00   .227............
3910	00 00 00 67 0a 00 00 00  00 00 00 00 00 01 00 00   ...g............
3920	00 30 00 01 00 00 00 30  00 1c 00 00 00 61 73 69   .0.....0.....asi
3930	67 6e 61 74 75 72 61 5f  69 64 5f 61 73 69 67 6e   gnatura_id_asign
3940	61 74 75 72 61 5f 73 65  71 00 0c 00 00 00 53 45   atura_seq.....SE
3950	51 55 45 4e 43 45 20 53  45 54 00 03 00 00 00 00   QUENCE SET......
3960	4b 00 00 00 53 45 4c 45  43 54 20 70 67 5f 63 61   K...SELECT pg_ca
3970	74 61 6c 6f 67 2e 73 65  74 76 61 6c 28 27 70 75   talog.setval('pu
3980	62 6c 69 63 2e 61 73 69  67 6e 61 74 75 72 61 5f   blic.asignatura_
3990	69 64 5f 61 73 69 67 6e  61 74 75 72 61 5f 73 65   id_asignatura_se
39a0	71 27 2c 20 32 36 2c 20  74 72 75 65 29 3b 0a 01   q', 26, true);..
39b0	01 00 00 00 01 01 00 00  00 00 06 00 00 00 70 75   ..............pu
39c0	62 6c 69 63 01 01 00 00  00 01 01 00 00 00 00 08   blic............
39d0	00 00 00 70 6f 73 74 67  72 65 73 00 05 00 00 00   ...postgres.....
39e0	66 61 6c 73 65 00 03 00  00 00 32 31 38 01 01 00   false.....218...
39f0	00 00 03 00 00 00 00 00  00 00 00 00 68 0a 00 00   ............h...
3a00	00 00 00 00 00 00 01 00  00 00 30 00 01 00 00 00   ..........0.....
3a10	30 00 16 00 00 00 62 72  69 67 61 64 61 5f 69 64   0.....brigada_id
3a20	5f 62 72 69 67 61 64 61  5f 73 65 71 00 0c 00 00   _brigada_seq....
3a30	00 53 45 51 55 45 4e 43  45 20 53 45 54 00 03 00   .SEQUENCE SET...
3a40	00 00 00 44 00 00 00 53  45 4c 45 43 54 20 70 67   ...D...SELECT pg
3a50	5f 63 61 74 61 6c 6f 67  2e 73 65 74 76 61 6c 28   _catalog.setval(
3a60	27 70 75 62 6c 69 63 2e  62 72 69 67 61 64 61 5f   'public.brigada_
3a70	69 64 5f 62 72 69 67 61  64 61 5f 73 65 71 27 2c   id_brigada_seq',
3a80	20 32 2c 20 74 72 75 65  29 3b 0a 01 01 00 00 00    2, true);......
3a90	01 01 00 00 00 00 06 00  00 00 70 75 62 6c 69 63   ..........public
3aa0	01 01 00 00 00 01 01 00  00 00 00 08 00 00 00 70   ...............p
3ab0	6f 73 74 67 72 65 73 00  05 00 00 00 66 61 6c 73   ostgres.....fals
3ac0	65 00 03 00 00 00 32 32  31 01 01 00 00 00 03 00   e.....221.......
3ad0	00 00 00 00 00 00 00 00  69 0a 00 00 00 00 00 00   ........i.......
3ae0	00 00 01 00 00 00 30 00  01 00 00 00 30 00 16 00   ......0.....0...
3af0	00 00 63 61 72 72 65 72  61 5f 69 64 5f 63 61 72   ..carrera_id_car
3b00	72 65 72 61 5f 73 65 71  00 0c 00 00 00 53 45 51   rera_seq.....SEQ
3b10	55 45 4e 43 45 20 53 45  54 00 03 00 00 00 00 45   UENCE SET......E
3b20	00 00 00 53 45 4c 45 43  54 20 70 67 5f 63 61 74   ...SELECT pg_cat
3b30	61 6c 6f 67 2e 73 65 74  76 61 6c 28 27 70 75 62   alog.setval('pub
3b40	6c 69 63 2e 63 61 72 72  65 72 61 5f 69 64 5f 63   lic.carrera_id_c
3b50	61 72 72 65 72 61 5f 73  65 71 27 2c 20 31 33 2c   arrera_seq', 13,
3b60	20 74 72 75 65 29 3b 0a  01 01 00 00 00 01 01 00    true);.........
3b70	00 00 00 06 00 00 00 70  75 62 6c 69 63 01 01 00   .......public...
3b80	00 00 01 01 00 00 00 00  08 00 00 00 70 6f 73 74   ............post
3b90	67 72 65 73 00 05 00 00  00 66 61 6c 73 65 00 03   gres.....false..
3ba0	00 00 00 32 31 36 01 01  00 00 00 03 00 00 00 00   ...216..........
3bb0	00 00 00 00 00 6a 0a 00  00 00 00 00 00 00 00 01   .....j..........
3bc0	00 00 00 30 00 01 00 00  00 30 00 1c 00 00 00 65   ...0.....0.....e
3bd0	73 74 75 64 69 61 6e 74  65 5f 69 64 5f 65 73 74   studiante_id_est
3be0	75 64 69 61 6e 74 65 5f  73 65 71 00 0c 00 00 00   udiante_seq.....
3bf0	53 45 51 55 45 4e 43 45  20 53 45 54 00 03 00 00   SEQUENCE SET....
3c00	00 00 4a 00 00 00 53 45  4c 45 43 54 20 70 67 5f   ..J...SELECT pg_
3c10	63 61 74 61 6c 6f 67 2e  73 65 74 76 61 6c 28 27   catalog.setval('
3c20	70 75 62 6c 69 63 2e 65  73 74 75 64 69 61 6e 74   public.estudiant
3c30	65 5f 69 64 5f 65 73 74  75 64 69 61 6e 74 65 5f   e_id_estudiante_
3c40	73 65 71 27 2c 20 32 2c  20 74 72 75 65 29 3b 0a   seq', 2, true);.
3c50	01 01 00 00 00 01 01 00  00 00 00 06 00 00 00 70   ...............p
3c60	75 62 6c 69 63 01 01 00  00 00 01 01 00 00 00 00   ublic...........
3c70	08 00 00 00 70 6f 73 74  67 72 65 73 00 05 00 00   ....postgres....
3c80	00 66 61 6c 73 65 00 03  00 00 00 32 32 35 01 01   .false.....225..
3c90	00 00 00 03 00 00 00 00  00 00 00 00 00 6b 0a 00   .............k..
3ca0	00 00 00 00 00 00 00 01  00 00 00 30 00 01 00 00   ...........0....
3cb0	00 30 00 18 00 00 00 66  61 63 75 6c 74 61 64 5f   .0.....facultad_
3cc0	69 64 5f 66 61 63 75 6c  74 61 64 5f 73 65 71 00   id_facultad_seq.
3cd0	0c 00 00 00 53 45 51 55  45 4e 43 45 20 53 45 54   ....SEQUENCE SET
3ce0	00 03 00 00 00 00 46 00  00 00 53 45 4c 45 43 54   ......F...SELECT
3cf0	20 70 67 5f 63 61 74 61  6c 6f 67 2e 73 65 74 76    pg_catalog.setv
3d00	61 6c 28 27 70 75 62 6c  69 63 2e 66 61 63 75 6c   al('public.facul
3d10	74 61 64 5f 69 64 5f 66  61 63 75 6c 74 61 64 5f   tad_id_facultad_
3d20	73 65 71 27 2c 20 34 2c  20 74 72 75 65 29 3b 0a   seq', 4, true);.
3d30	01 01 00 00 00 01 01 00  00 00 00 06 00 00 00 70   ...............p
3d40	75 62 6c 69 63 01 01 00  00 00 01 01 00 00 00 00   ublic...........
3d50	08 00 00 00 70 6f 73 74  67 72 65 73 00 05 00 00   ....postgres....
3d60	00 66 61 6c 73 65 00 03  00 00 00 32 31 34 01 01   .false.....214..
3d70	00 00 00 03 00 00 00 00  00 00 00 00 00 6c 0a 00   .............l..
3d80	00 00 00 00 00 00 00 01  00 00 00 30 00 01 00 00   ...........0....
3d90	00 30 00 10 00 00 00 6e  6f 74 61 5f 69 64 5f 6e   .0.....nota_id_n
3da0	6f 74 61 5f 73 65 71 00  0c 00 00 00 53 45 51 55   ota_seq.....SEQU
3db0	45 4e 43 45 20 53 45 54  00 03 00 00 00 00 3f 00   ENCE SET......?.
3dc0	00 00 53 45 4c 45 43 54  20 70 67 5f 63 61 74 61   ..SELECT pg_cata
3dd0	6c 6f 67 2e 73 65 74 76  61 6c 28 27 70 75 62 6c   log.setval('publ
3de0	69 63 2e 6e 6f 74 61 5f  69 64 5f 6e 6f 74 61 5f   ic.nota_id_nota_
3df0	73 65 71 27 2c 20 31 2c  20 66 61 6c 73 65 29 3b   seq', 1, false);
3e00	0a 01 01 00 00 00 01 01  00 00 00 00 06 00 00 00   ................
3e10	70 75 62 6c 69 63 01 01  00 00 00 01 01 00 00 00   public..........
3e20	00 08 00 00 00 70 6f 73  74 67 72 65 73 00 05 00   .....postgres...
3e30	00 00 66 61 6c 73 65 00  03 00 00 00 32 32 39 01   ..false.....229.
3e40	01 00 00 00 03 00 00 00  00 00 00 00 00 00 6d 0a   ..............m.
3e50	00 00 00 00 00 00 00 00  01 00 00 00 30 00 01 00   ............0...
3e60	00 00 30 00 16 00 00 00  75 73 75 61 72 69 6f 5f   ..0.....usuario_
3e70	69 64 5f 75 73 75 61 72  69 6f 5f 73 65 71 00 0c   id_usuario_seq..
3e80	00 00 00 53 45 51 55 45  4e 43 45 20 53 45 54 00   ...SEQUENCE SET.
3e90	03 00 00 00 00 44 00 00  00 53 45 4c 45 43 54 20   .....D...SELECT 
3ea0	70 67 5f 63 61 74 61 6c  6f 67 2e 73 65 74 76 61   pg_catalog.setva
3eb0	6c 28 27 70 75 62 6c 69  63 2e 75 73 75 61 72 69   l('public.usuari
3ec0	6f 5f 69 64 5f 75 73 75  61 72 69 6f 5f 73 65 71   o_id_usuario_seq
3ed0	27 2c 20 33 2c 20 74 72  75 65 29 3b 0a 01 01 00   ', 3, true);....
3ee0	00 00 01 01 00 00 00 00  06 00 00 00 70 75 62 6c   ............publ
3ef0	69 63 01 01 00 00 00 01  01 00 00 00 00 08 00 00   ic..............
3f00	00 70 6f 73 74 67 72 65  73 00 05 00 00 00 66 61   .postgres.....fa
3f10	6c 73 65 00 03 00 00 00  32 32 33 01 01 00 00 00   lse.....223.....
3f20	03 00 00 00 00 00 00 00  00 00 ef bf bd 0c 00 00   ................
3f30	00 00 00 00 00 00 04 00  00 00 32 36 30 36 00 05   ..........2606..
3f40	00 00 00 32 34 36 37 35  00 20 00 00 00 61 64 6d   ...24675. ...adm
3f50	69 6e 69 73 74 72 61 64  6f 72 20 61 64 6d 69 6e   inistrador admin
3f60	69 73 74 72 61 64 6f 72  5f 70 6b 65 79 00 0a 00   istrador_pkey...
3f70	00 00 43 4f 4e 53 54 52  41 49 4e 54 00 04 00 00   ..CONSTRAINT....
3f80	00 00 6c 00 00 00 41 4c  54 45 52 20 54 41 42 4c   ..l...ALTER TABL
3f90	45 20 4f 4e 4c 59 20 70  75 62 6c 69 63 2e 61 64   E ONLY public.ad
3fa0	6d 69 6e 69 73 74 72 61  64 6f 72 0a 20 20 20 20   ministrador.    
3fb0	41 44 44 20 43 4f 4e 53  54 52 41 49 4e 54 20 61   ADD CONSTRAINT a
3fc0	64 6d 69 6e 69 73 74 72  61 64 6f 72 5f 70 6b 65   dministrador_pke
3fd0	79 20 50 52 49 4d 41 52  59 20 4b 45 59 20 28 69   y PRIMARY KEY (i
3fe0	64 5f 61 64 6d 69 6e 69  73 74 72 61 64 6f 72 29   d_administrador)
3ff0	3b 0a 00 4a 00 00 00 41  4c 54 45 52 20 54 41 42   ;..J...ALTER TAB
4000	4c 45 20 4f 4e 4c 59 20  70 75 62 6c 69 63 2e 61   LE ONLY public.a
4010	64 6d 69 6e 69 73 74 72  61 64 6f 72 20 44 52 4f   dministrador DRO
4020	50 20 43 4f 4e 53 54 52  41 49 4e 54 20 61 64 6d   P CONSTRAINT adm
4030	69 6e 69 73 74 72 61 64  6f 72 5f 70 6b 65 79 3b   inistrador_pkey;
4040	0a 01 01 00 00 00 00 06  00 00 00 70 75 62 6c 69   ...........publi
4050	63 00 00 00 00 00 01 01  00 00 00 00 08 00 00 00   c...............
4060	70 6f 73 74 67 72 65 73  00 05 00 00 00 66 61 6c   postgres.....fal
4070	73 65 00 03 00 00 00 32  32 38 01 01 00 00 00 03   se.....228......
4080	00 00 00 00 00 00 00 00  00 ef bf bd 0c 00 00 00   ................
4090	00 00 00 00 00 04 00 00  00 32 36 30 36 00 05 00   .........2606...
40a0	00 00 32 34 36 31 36 00  2b 00 00 00 61 73 69 67   ..24616.+...asig
40b0	6e 61 74 75 72 61 20 61  73 69 67 6e 61 74 75 72   natura asignatur
40c0	61 5f 6e 6f 6d 62 72 65  5f 61 73 69 67 6e 61 74   a_nombre_asignat
40d0	75 72 61 5f 6b 65 79 00  0a 00 00 00 43 4f 4e 53   ura_key.....CONS
40e0	54 52 41 49 4e 54 00 04  00 00 00 00 73 00 00 00   TRAINT......s...
40f0	41 4c 54 45 52 20 54 41  42 4c 45 20 4f 4e 4c 59   ALTER TABLE ONLY
4100	20 70 75 62 6c 69 63 2e  61 73 69 67 6e 61 74 75    public.asignatu
4110	72 61 0a 20 20 20 20 41  44 44 20 43 4f 4e 53 54   ra.    ADD CONST
4120	52 41 49 4e 54 20 61 73  69 67 6e 61 74 75 72 61   RAINT asignatura
4130	5f 6e 6f 6d 62 72 65 5f  61 73 69 67 6e 61 74 75   _nombre_asignatu
4140	72 61 5f 6b 65 79 20 55  4e 49 51 55 45 20 28 6e   ra_key UNIQUE (n
4150	6f 6d 62 72 65 5f 61 73  69 67 6e 61 74 75 72 61   ombre_asignatura
4160	29 3b 0a 00 55 00 00 00  41 4c 54 45 52 20 54 41   );..U...ALTER TA
4170	42 4c 45 20 4f 4e 4c 59  20 70 75 62 6c 69 63 2e   BLE ONLY public.
4180	61 73 69 67 6e 61 74 75  72 61 20 44 52 4f 50 20   asignatura DROP 
4190	43 4f 4e 53 54 52 41 49  4e 54 20 61 73 69 67 6e   CONSTRAINT asign
41a0	61 74 75 72 61 5f 6e 6f  6d 62 72 65 5f 61 73 69   atura_nombre_asi
41b0	67 6e 61 74 75 72 61 5f  6b 65 79 3b 0a 01 01 00   gnatura_key;....
41c0	00 00 00 06 00 00 00 70  75 62 6c 69 63 00 00 00   .......public...
41d0	00 00 01 01 00 00 00 00  08 00 00 00 70 6f 73 74   ............post
41e0	67 72 65 73 00 05 00 00  00 66 61 6c 73 65 00 03   gres.....false..
41f0	00 00 00 32 31 39 01 01  00 00 00 03 00 00 00 00   ...219..........
4200	00 00 00 00 00 ef bf bd  0c 00 00 00 00 00 00 00   ................
4210	00 04 00 00 00 32 36 30  36 00 05 00 00 00 32 34   .....2606.....24
4220	36 31 34 00 1a 00 00 00  61 73 69 67 6e 61 74 75   614.....asignatu
4230	72 61 20 61 73 69 67 6e  61 74 75 72 61 5f 70 6b   ra asignatura_pk
4240	65 79 00 0a 00 00 00 43  4f 4e 53 54 52 41 49 4e   ey.....CONSTRAIN
4250	54 00 04 00 00 00 00 63  00 00 00 41 4c 54 45 52   T......c...ALTER
4260	20 54 41 42 4c 45 20 4f  4e 4c 59 20 70 75 62 6c    TABLE ONLY publ
4270	69 63 2e 61 73 69 67 6e  61 74 75 72 61 0a 20 20   ic.asignatura.  
4280	20 20 41 44 44 20 43 4f  4e 53 54 52 41 49 4e 54     ADD CONSTRAINT
4290	20 61 73 69 67 6e 61 74  75 72 61 5f 70 6b 65 79    asignatura_pkey
42a0	20 50 52 49 4d 41 52 59  20 4b 45 59 20 28 69 64    PRIMARY KEY (id
42b0	5f 61 73 69 67 6e 61 74  75 72 61 29 3b 0a 00 44   _asignatura);..D
42c0	00 00 00 41 4c 54 45 52  20 54 41 42 4c 45 20 4f   ...ALTER TABLE O
42d0	4e 4c 59 20 70 75 62 6c  69 63 2e 61 73 69 67 6e   NLY public.asign
42e0	61 74 75 72 61 20 44 52  4f 50 20 43 4f 4e 53 54   atura DROP CONST
42f0	52 41 49 4e 54 20 61 73  69 67 6e 61 74 75 72 61   RAINT asignatura
4300	5f 70 6b 65 79 3b 0a 01  01 00 00 00 00 06 00 00   _pkey;..........
4310	00 70 75 62 6c 69 63 00  00 00 00 00 01 01 00 00   .public.........
4320	00 00 08 00 00 00 70 6f  73 74 67 72 65 73 00 05   ......postgres..
4330	00 00 00 66 61 6c 73 65  00 03 00 00 00 32 31 39   ...false.....219
4340	01 01 00 00 00 03 00 00  00 00 00 00 00 00 00 ef   ................
4350	bf bd 0c 00 00 00 00 00  00 00 00 04 00 00 00 32   ...............2
4360	36 30 36 00 05 00 00 00  32 34 36 33 38 00 14 00   606.....24638...
4370	00 00 62 72 69 67 61 64  61 20 62 72 69 67 61 64   ..brigada brigad
4380	61 5f 70 6b 65 79 00 0a  00 00 00 43 4f 4e 53 54   a_pkey.....CONST
4390	52 41 49 4e 54 00 04 00  00 00 00 5a 00 00 00 41   RAINT......Z...A
43a0	4c 54 45 52 20 54 41 42  4c 45 20 4f 4e 4c 59 20   LTER TABLE ONLY 
43b0	70 75 62 6c 69 63 2e 62  72 69 67 61 64 61 0a 20   public.brigada. 
43c0	20 20 20 41 44 44 20 43  4f 4e 53 54 52 41 49 4e      ADD CONSTRAIN
43d0	54 20 62 72 69 67 61 64  61 5f 70 6b 65 79 20 50   T brigada_pkey P
43e0	52 49 4d 41 52 59 20 4b  45 59 20 28 69 64 5f 62   RIMARY KEY (id_b
43f0	72 69 67 61 64 61 29 3b  0a 00 3e 00 00 00 41 4c   rigada);..>...AL
4400	54 45 52 20 54 41 42 4c  45 20 4f 4e 4c 59 20 70   TER TABLE ONLY p
4410	75 62 6c 69 63 2e 62 72  69 67 61 64 61 20 44 52   ublic.brigada DR
4420	4f 50 20 43 4f 4e 53 54  52 41 49 4e 54 20 62 72   OP CONSTRAINT br
4430	69 67 61 64 61 5f 70 6b  65 79 3b 0a 01 01 00 00   igada_pkey;.....
4440	00 00 06 00 00 00 70 75  62 6c 69 63 00 00 00 00   ......public....
4450	00 01 01 00 00 00 00 08  00 00 00 70 6f 73 74 67   ...........postg
4460	72 65 73 00 05 00 00 00  66 61 6c 73 65 00 03 00   res.....false...
4470	00 00 32 32 32 01 01 00  00 00 03 00 00 00 00 00   ..222...........
4480	00 00 00 00 ef bf bd 0c  00 00 00 00 00 00 00 00   ................
4490	04 00 00 00 32 36 30 36  00 05 00 00 00 32 34 36   ....2606.....246
44a0	32 31 00 2a 00 00 00 63  61 72 72 65 72 61 5f 61   21.*...carrera_a
44b0	73 69 67 6e 61 74 75 72  61 20 63 61 72 72 65 72   signatura carrer
44c0	61 5f 61 73 69 67 6e 61  74 75 72 61 5f 70 6b 65   a_asignatura_pke
44d0	79 00 0a 00 00 00 43 4f  4e 53 54 52 41 49 4e 54   y.....CONSTRAINT
44e0	00 04 00 00 00 00 7f 00  00 00 41 4c 54 45 52 20   ..........ALTER 
44f0	54 41 42 4c 45 20 4f 4e  4c 59 20 70 75 62 6c 69   TABLE ONLY publi
4500	63 2e 63 61 72 72 65 72  61 5f 61 73 69 67 6e 61   c.carrera_asigna
4510	74 75 72 61 0a 20 20 20  20 41 44 44 20 43 4f 4e   tura.    ADD CON
4520	53 54 52 41 49 4e 54 20  63 61 72 72 65 72 61 5f   STRAINT carrera_
4530	61 73 69 67 6e 61 74 75  72 61 5f 70 6b 65 79 20   asignatura_pkey 
4540	50 52 49 4d 41 52 59 20  4b 45 59 20 28 69 64 5f   PRIMARY KEY (id_
4550	63 61 72 72 65 72 61 2c  20 69 64 5f 61 73 69 67   carrera, id_asig
4560	6e 61 74 75 72 61 29 3b  0a 00 54 00 00 00 41 4c   natura);..T...AL
4570	54 45 52 20 54 41 42 4c  45 20 4f 4e 4c 59 20 70   TER TABLE ONLY p
4580	75 62 6c 69 63 2e 63 61  72 72 65 72 61 5f 61 73   ublic.carrera_as
4590	69 67 6e 61 74 75 72 61  20 44 52 4f 50 20 43 4f   ignatura DROP CO
45a0	4e 53 54 52 41 49 4e 54  20 63 61 72 72 65 72 61   NSTRAINT carrera
45b0	5f 61 73 69 67 6e 61 74  75 72 61 5f 70 6b 65 79   _asignatura_pkey
45c0	3b 0a 01 01 00 00 00 00  06 00 00 00 70 75 62 6c   ;...........publ
45d0	69 63 00 00 00 00 00 01  01 00 00 00 00 08 00 00   ic..............
45e0	00 70 6f 73 74 67 72 65  73 00 05 00 00 00 66 61   .postgres.....fa
45f0	6c 73 65 00 03 00 00 00  32 32 30 00 03 00 00 00   lse.....220.....
4600	32 32 30 01 01 00 00 00  03 00 00 00 00 00 00 00   220.............
4610	00 00 ef bf bd 0c 00 00  00 00 00 00 00 00 04 00   ................
4620	00 00 32 36 30 36 00 05  00 00 00 32 34 36 30 32   ..2606.....24602
4630	00 22 00 00 00 63 61 72  72 65 72 61 20 63 61 72   ."...carrera car
4640	72 65 72 61 5f 6e 6f 6d  62 72 65 5f 63 61 72 72   rera_nombre_carr
4650	65 72 61 5f 6b 65 79 00  0a 00 00 00 43 4f 4e 53   era_key.....CONS
4660	54 52 41 49 4e 54 00 04  00 00 00 00 67 00 00 00   TRAINT......g...
4670	41 4c 54 45 52 20 54 41  42 4c 45 20 4f 4e 4c 59   ALTER TABLE ONLY
4680	20 70 75 62 6c 69 63 2e  63 61 72 72 65 72 61 0a    public.carrera.
4690	20 20 20 20 41 44 44 20  43 4f 4e 53 54 52 41 49       ADD CONSTRAI
46a0	4e 54 20 63 61 72 72 65  72 61 5f 6e 6f 6d 62 72   NT carrera_nombr
46b0	65 5f 63 61 72 72 65 72  61 5f 6b 65 79 20 55 4e   e_carrera_key UN
46c0	49 51 55 45 20 28 6e 6f  6d 62 72 65 5f 63 61 72   IQUE (nombre_car
46d0	72 65 72 61 29 3b 0a 00  4c 00 00 00 41 4c 54 45   rera);..L...ALTE
46e0	52 20 54 41 42 4c 45 20  4f 4e 4c 59 20 70 75 62   R TABLE ONLY pub
46f0	6c 69 63 2e 63 61 72 72  65 72 61 20 44 52 4f 50   lic.carrera DROP
4700	20 43 4f 4e 53 54 52 41  49 4e 54 20 63 61 72 72    CONSTRAINT carr
4710	65 72 61 5f 6e 6f 6d 62  72 65 5f 63 61 72 72 65   era_nombre_carre
4720	72 61 5f 6b 65 79 3b 0a  01 01 00 00 00 00 06 00   ra_key;.........
4730	00 00 70 75 62 6c 69 63  00 00 00 00 00 01 01 00   ..public........
4740	00 00 00 08 00 00 00 70  6f 73 74 67 72 65 73 00   .......postgres.
4750	05 00 00 00 66 61 6c 73  65 00 03 00 00 00 32 31   ....false.....21
4760	37 01 01 00 00 00 03 00  00 00 00 00 00 00 00 00   7...............
4770	ef bf bd 0c 00 00 00 00  00 00 00 00 04 00 00 00   ................
4780	32 36 30 36 00 05 00 00  00 32 34 36 30 30 00 14   2606.....24600..
4790	00 00 00 63 61 72 72 65  72 61 20 63 61 72 72 65   ...carrera carre
47a0	72 61 5f 70 6b 65 79 00  0a 00 00 00 43 4f 4e 53   ra_pkey.....CONS
47b0	54 52 41 49 4e 54 00 04  00 00 00 00 5a 00 00 00   TRAINT......Z...
47c0	41 4c 54 45 52 20 54 41  42 4c 45 20 4f 4e 4c 59   ALTER TABLE ONLY
47d0	20 70 75 62 6c 69 63 2e  63 61 72 72 65 72 61 0a    public.carrera.
47e0	20 20 20 20 41 44 44 20  43 4f 4e 53 54 52 41 49       ADD CONSTRAI
47f0	4e 54 20 63 61 72 72 65  72 61 5f 70 6b 65 79 20   NT carrera_pkey 
4800	50 52 49 4d 41 52 59 20  4b 45 59 20 28 69 64 5f   PRIMARY KEY (id_
4810	63 61 72 72 65 72 61 29  3b 0a 00 3e 00 00 00 41   carrera);..>...A
4820	4c 54 45 52 20 54 41 42  4c 45 20 4f 4e 4c 59 20   LTER TABLE ONLY 
4830	70 75 62 6c 69 63 2e 63  61 72 72 65 72 61 20 44   public.carrera D
4840	52 4f 50 20 43 4f 4e 53  54 52 41 49 4e 54 20 63   ROP CONSTRAINT c
4850	61 72 72 65 72 61 5f 70  6b 65 79 3b 0a 01 01 00   arrera_pkey;....
4860	00 00 00 06 00 00 00 70  75 62 6c 69 63 00 00 00   .......public...
4870	00 00 01 01 00 00 00 00  08 00 00 00 70 6f 73 74   ............post
4880	67 72 65 73 00 05 00 00  00 66 61 6c 73 65 00 03   gres.....false..
4890	00 00 00 32 31 37 01 01  00 00 00 03 00 00 00 00   ...217..........
48a0	00 00 00 00 00 ef bf bd  0c 00 00 00 00 00 00 00   ................
48b0	00 04 00 00 00 32 36 30  36 00 05 00 00 00 32 34   .....2606.....24
48c0	36 36 32 00 20 00 00 00  65 73 74 75 64 69 61 6e   662. ...estudian
48d0	74 65 20 65 73 74 75 64  69 61 6e 74 65 5f 63 61   te estudiante_ca
48e0	72 6e 65 74 5f 6b 65 79  00 0a 00 00 00 43 4f 4e   rnet_key.....CON
48f0	53 54 52 41 49 4e 54 00  04 00 00 00 00 5d 00 00   STRAINT......]..
4900	00 41 4c 54 45 52 20 54  41 42 4c 45 20 4f 4e 4c   .ALTER TABLE ONL
4910	59 20 70 75 62 6c 69 63  2e 65 73 74 75 64 69 61   Y public.estudia
4920	6e 74 65 0a 20 20 20 20  41 44 44 20 43 4f 4e 53   nte.    ADD CONS
4930	54 52 41 49 4e 54 20 65  73 74 75 64 69 61 6e 74   TRAINT estudiant
4940	65 5f 63 61 72 6e 65 74  5f 6b 65 79 20 55 4e 49   e_carnet_key UNI
4950	51 55 45 20 28 63 61 72  6e 65 74 29 3b 0a 00 4a   QUE (carnet);..J
4960	00 00 00 41 4c 54 45 52  20 54 41 42 4c 45 20 4f   ...ALTER TABLE O
4970	4e 4c 59 20 70 75 62 6c  69 63 2e 65 73 74 75 64   NLY public.estud
4980	69 61 6e 74 65 20 44 52  4f 50 20 43 4f 4e 53 54   iante DROP CONST
4990	52 41 49 4e 54 20 65 73  74 75 64 69 61 6e 74 65   RAINT estudiante
49a0	5f 63 61 72 6e 65 74 5f  6b 65 79 3b 0a 01 01 00   _carnet_key;....
49b0	00 00 00 06 00 00 00 70  75 62 6c 69 63 00 00 00   .......public...
49c0	00 00 01 01 00 00 00 00  08 00 00 00 70 6f 73 74   ............post
49d0	67 72 65 73 00 05 00 00  00 66 61 6c 73 65 00 03   gres.....false..
49e0	00 00 00 32 32 36 01 01  00 00 00 03 00 00 00 00   ...226..........
49f0	00 00 00 00 00 ef bf bd  0c 00 00 00 00 00 00 00   ................
4a00	00 04 00 00 00 32 36 30  36 00 05 00 00 00 32 34   .....2606.....24
4a10	36 36 30 00 1a 00 00 00  65 73 74 75 64 69 61 6e   660.....estudian
4a20	74 65 20 65 73 74 75 64  69 61 6e 74 65 5f 70 6b   te estudiante_pk
4a30	65 79 00 0a 00 00 00 43  4f 4e 53 54 52 41 49 4e   ey.....CONSTRAIN
4a40	54 00 04 00 00 00 00 63  00 00 00 41 4c 54 45 52   T......c...ALTER
4a50	20 54 41 42 4c 45 20 4f  4e 4c 59 20 70 75 62 6c    TABLE ONLY publ
4a60	69 63 2e 65 73 74 75 64  69 61 6e 74 65 0a 20 20   ic.estudiante.  
4a70	20 20 41 44 44 20 43 4f  4e 53 54 52 41 49 4e 54     ADD CONSTRAINT
4a80	20 65 73 74 75 64 69 61  6e 74 65 5f 70 6b 65 79    estudiante_pkey
4a90	20 50 52 49 4d 41 52 59  20 4b 45 59 20 28 69 64    PRIMARY KEY (id
4aa0	5f 65 73 74 75 64 69 61  6e 74 65 29 3b 0a 00 44   _estudiante);..D
4ab0	00 00 00 41 4c 54 45 52  20 54 41 42 4c 45 20 4f   ...ALTER TABLE O
4ac0	4e 4c 59 20 70 75 62 6c  69 63 2e 65 73 74 75 64   NLY public.estud
4ad0	69 61 6e 74 65 20 44 52  4f 50 20 43 4f 4e 53 54   iante DROP CONST
4ae0	52 41 49 4e 54 20 65 73  74 75 64 69 61 6e 74 65   RAINT estudiante
4af0	5f 70 6b 65 79 3b 0a 01  01 00 00 00 00 06 00 00   _pkey;..........
4b00	00 70 75 62 6c 69 63 00  00 00 00 00 01 01 00 00   .public.........
4b10	00 00 08 00 00 00 70 6f  73 74 67 72 65 73 00 05   ......postgres..
4b20	00 00 00 66 61 6c 73 65  00 03 00 00 00 32 32 36   ...false.....226
4b30	01 01 00 00 00 03 00 00  00 00 00 00 00 00 00 ef   ................
4b40	bf bd 0c 00 00 00 00 00  00 00 00 04 00 00 00 32   ...............2
4b50	36 30 36 00 05 00 00 00  32 34 35 39 33 00 25 00   606.....24593.%.
4b60	00 00 66 61 63 75 6c 74  61 64 20 66 61 63 75 6c   ..facultad facul
4b70	74 61 64 5f 6e 6f 6d 62  72 65 5f 66 61 63 75 6c   tad_nombre_facul
4b80	74 61 64 5f 6b 65 79 00  0a 00 00 00 43 4f 4e 53   tad_key.....CONS
4b90	54 52 41 49 4e 54 00 04  00 00 00 00 6b 00 00 00   TRAINT......k...
4ba0	41 4c 54 45 52 20 54 41  42 4c 45 20 4f 4e 4c 59   ALTER TABLE ONLY
4bb0	20 70 75 62 6c 69 63 2e  66 61 63 75 6c 74 61 64    public.facultad
4bc0	0a 20 20 20 20 41 44 44  20 43 4f 4e 53 54 52 41   .    ADD CONSTRA
4bd0	49 4e 54 20 66 61 63 75  6c 74 61 64 5f 6e 6f 6d   INT facultad_nom
4be0	62 72 65 5f 66 61 63 75  6c 74 61 64 5f 6b 65 79   bre_facultad_key
4bf0	20 55 4e 49 51 55 45 20  28 6e 6f 6d 62 72 65 5f    UNIQUE (nombre_
4c00	66 61 63 75 6c 74 61 64  29 3b 0a 00 4f 00 00 00   facultad);..O...
4c10	41 4c 54 45 52 20 54 41  42 4c 45 20 4f 4e 4c 59   ALTER TABLE ONLY
4c20	20 70 75 62 6c 69 63 2e  66 61 63 75 6c 74 61 64    public.facultad
4c30	20 44 52 4f 50 20 43 4f  4e 53 54 52 41 49 4e 54    DROP CONSTRAINT
4c40	20 66 61 63 75 6c 74 61  64 5f 6e 6f 6d 62 72 65    facultad_nombre
4c50	5f 66 61 63 75 6c 74 61  64 5f 6b 65 79 3b 0a 01   _facultad_key;..
4c60	01 00 00 00 00 06 00 00  00 70 75 62 6c 69 63 00   .........public.
4c70	00 00 00 00 01 01 00 00  00 00 08 00 00 00 70 6f   ..............po
4c80	73 74 67 72 65 73 00 05  00 00 00 66 61 6c 73 65   stgres.....false
4c90	00 03 00 00 00 32 31 35  01 01 00 00 00 03 00 00   .....215........
4ca0	00 00 00 00 00 00 00 ef  bf bd 0c 00 00 00 00 00   ................
4cb0	00 00 00 04 00 00 00 32  36 30 36 00 05 00 00 00   .......2606.....
4cc0	32 34 35 39 31 00 16 00  00 00 66 61 63 75 6c 74   24591.....facult
4cd0	61 64 20 66 61 63 75 6c  74 61 64 5f 70 6b 65 79   ad facultad_pkey
4ce0	00 0a 00 00 00 43 4f 4e  53 54 52 41 49 4e 54 00   .....CONSTRAINT.
4cf0	04 00 00 00 00 5d 00 00  00 41 4c 54 45 52 20 54   .....]...ALTER T
4d00	41 42 4c 45 20 4f 4e 4c  59 20 70 75 62 6c 69 63   ABLE ONLY public
4d10	2e 66 61 63 75 6c 74 61  64 0a 20 20 20 20 41 44   .facultad.    AD
4d20	44 20 43 4f 4e 53 54 52  41 49 4e 54 20 66 61 63   D CONSTRAINT fac
4d30	75 6c 74 61 64 5f 70 6b  65 79 20 50 52 49 4d 41   ultad_pkey PRIMA
4d40	52 59 20 4b 45 59 20 28  69 64 5f 66 61 63 75 6c   RY KEY (id_facul
4d50	74 61 64 29 3b 0a 00 40  00 00 00 41 4c 54 45 52   tad);..@...ALTER
4d60	20 54 41 42 4c 45 20 4f  4e 4c 59 20 70 75 62 6c    TABLE ONLY publ
4d70	69 63 2e 66 61 63 75 6c  74 61 64 20 44 52 4f 50   ic.facultad DROP
4d80	20 43 4f 4e 53 54 52 41  49 4e 54 20 66 61 63 75    CONSTRAINT facu
4d90	6c 74 61 64 5f 70 6b 65  79 3b 0a 01 01 00 00 00   ltad_pkey;......
4da0	00 06 00 00 00 70 75 62  6c 69 63 00 00 00 00 00   .....public.....
4db0	01 01 00 00 00 00 08 00  00 00 70 6f 73 74 67 72   ..........postgr
4dc0	65 73 00 05 00 00 00 66  61 6c 73 65 00 03 00 00   es.....false....
4dd0	00 32 31 35 01 01 00 00  00 03 00 00 00 00 00 00   .215............
4de0	00 00 00 ef bf bd 0c 00  00 00 00 00 00 00 00 04   ................
4df0	00 00 00 32 36 30 36 00  05 00 00 00 32 34 37 30   ...2606.....2470
4e00	30 00 0e 00 00 00 6e 6f  74 61 20 6e 6f 74 61 5f   0.....nota nota_
4e10	70 6b 65 79 00 0a 00 00  00 43 4f 4e 53 54 52 41   pkey.....CONSTRA
4e20	49 4e 54 00 04 00 00 00  00 51 00 00 00 41 4c 54   INT......Q...ALT
4e30	45 52 20 54 41 42 4c 45  20 4f 4e 4c 59 20 70 75   ER TABLE ONLY pu
4e40	62 6c 69 63 2e 6e 6f 74  61 0a 20 20 20 20 41 44   blic.nota.    AD
4e50	44 20 43 4f 4e 53 54 52  41 49 4e 54 20 6e 6f 74   D CONSTRAINT not
4e60	61 5f 70 6b 65 79 20 50  52 49 4d 41 52 59 20 4b   a_pkey PRIMARY K
4e70	45 59 20 28 69 64 5f 6e  6f 74 61 29 3b 0a 00 38   EY (id_nota);..8
4e80	00 00 00 41 4c 54 45 52  20 54 41 42 4c 45 20 4f   ...ALTER TABLE O
4e90	4e 4c 59 20 70 75 62 6c  69 63 2e 6e 6f 74 61 20   NLY public.nota 
4ea0	44 52 4f 50 20 43 4f 4e  53 54 52 41 49 4e 54 20   DROP CONSTRAINT 
4eb0	6e 6f 74 61 5f 70 6b 65  79 3b 0a 01 01 00 00 00   nota_pkey;......
4ec0	00 06 00 00 00 70 75 62  6c 69 63 00 00 00 00 00   .....public.....
4ed0	01 01 00 00 00 00 08 00  00 00 70 6f 73 74 67 72   ..........postgr
4ee0	65 73 00 05 00 00 00 66  61 6c 73 65 00 03 00 00   es.....false....
4ef0	00 32 33 30 01 01 00 00  00 03 00 00 00 00 00 00   .230............
4f00	00 00 00 ef bf bd 0c 00  00 00 00 00 00 00 00 04   ................
4f10	00 00 00 32 36 30 36 00  05 00 00 00 32 34 36 35   ...2606.....2465
4f20	32 00 1a 00 00 00 75 73  75 61 72 69 6f 20 75 73   2.....usuario us
4f30	75 61 72 69 6f 5f 63 6f  72 72 65 6f 5f 6b 65 79   uario_correo_key
4f40	00 0a 00 00 00 43 4f 4e  53 54 52 41 49 4e 54 00   .....CONSTRAINT.
4f50	04 00 00 00 00 57 00 00  00 41 4c 54 45 52 20 54   .....W...ALTER T
4f60	41 42 4c 45 20 4f 4e 4c  59 20 70 75 62 6c 69 63   ABLE ONLY public
4f70	2e 75 73 75 61 72 69 6f  0a 20 20 20 20 41 44 44   .usuario.    ADD
4f80	20 43 4f 4e 53 54 52 41  49 4e 54 20 75 73 75 61    CONSTRAINT usua
4f90	72 69 6f 5f 63 6f 72 72  65 6f 5f 6b 65 79 20 55   rio_correo_key U
4fa0	4e 49 51 55 45 20 28 63  6f 72 72 65 6f 29 3b 0a   NIQUE (correo);.
4fb0	00 44 00 00 00 41 4c 54  45 52 20 54 41 42 4c 45   .D...ALTER TABLE
4fc0	20 4f 4e 4c 59 20 70 75  62 6c 69 63 2e 75 73 75    ONLY public.usu
4fd0	61 72 69 6f 20 44 52 4f  50 20 43 4f 4e 53 54 52   ario DROP CONSTR
4fe0	41 49 4e 54 20 75 73 75  61 72 69 6f 5f 63 6f 72   AINT usuario_cor
4ff0	72 65 6f 5f 6b 65 79 3b  0a 01 01 00 00 00 00 06   reo_key;........
5000	00 00 00 70 75 62 6c 69  63 00 00 00 00 00 01 01   ...public.......
5010	00 00 00 00 08 00 00 00  70 6f 73 74 67 72 65 73   ........postgres
5020	00 05 00 00 00 66 61 6c  73 65 00 03 00 00 00 32   .....false.....2
5030	32 34 01 01 00 00 00 03  00 00 00 00 00 00 00 00   24..............
5040	00 ef bf bd 0c 00 00 00  00 00 00 00 00 04 00 00   ................
5050	00 32 36 30 36 00 05 00  00 00 32 34 36 35 30 00   .2606.....24650.
5060	14 00 00 00 75 73 75 61  72 69 6f 20 75 73 75 61   ....usuario usua
5070	72 69 6f 5f 70 6b 65 79  00 0a 00 00 00 43 4f 4e   rio_pkey.....CON
5080	53 54 52 41 49 4e 54 00  04 00 00 00 00 5a 00 00   STRAINT......Z..
5090	00 41 4c 54 45 52 20 54  41 42 4c 45 20 4f 4e 4c   .ALTER TABLE ONL
50a0	59 20 70 75 62 6c 69 63  2e 75 73 75 61 72 69 6f   Y public.usuario
50b0	0a 20 20 20 20 41 44 44  20 43 4f 4e 53 54 52 41   .    ADD CONSTRA
50c0	49 4e 54 20 75 73 75 61  72 69 6f 5f 70 6b 65 79   INT usuario_pkey
50d0	20 50 52 49 4d 41 52 59  20 4b 45 59 20 28 69 64    PRIMARY KEY (id
50e0	5f 75 73 75 61 72 69 6f  29 3b 0a 00 3e 00 00 00   _usuario);..>...
50f0	41 4c 54 45 52 20 54 41  42 4c 45 20 4f 4e 4c 59   ALTER TABLE ONLY
5100	20 70 75 62 6c 69 63 2e  75 73 75 61 72 69 6f 20    public.usuario 
5110	44 52 4f 50 20 43 4f 4e  53 54 52 41 49 4e 54 20   DROP CONSTRAINT 
5120	75 73 75 61 72 69 6f 5f  70 6b 65 79 3b 0a 01 01   usuario_pkey;...
5130	00 00 00 00 06 00 00 00  70 75 62 6c 69 63 00 00   ........public..
5140	00 00 00 01 01 00 00 00  00 08 00 00 00 70 6f 73   .............pos
5150	74 67 72 65 73 00 05 00  00 00 66 61 6c 73 65 00   tgres.....false.
5160	03 00 00 00 32 32 34 01  01 00 00 00 03 00 00 00   ....224.........
5170	00 00 00 00 00 00 ef bf  bd 0c 00 00 00 00 00 00   ................
5180	00 00 04 00 00 00 32 36  30 36 00 05 00 00 00 32   ......2606.....2
5190	34 36 33 39 00 1f 00 00  00 62 72 69 67 61 64 61   4639.....brigada
51a0	20 62 72 69 67 61 64 61  5f 69 64 5f 63 61 72 72    brigada_id_carr
51b0	65 72 61 5f 66 6b 65 79  00 0a 00 00 00 46 4b 20   era_fkey.....FK 
51c0	43 4f 4e 53 54 52 41 49  4e 54 00 04 00 00 00 00   CONSTRAINT......
51d0	ef bf bd 00 00 00 41 4c  54 45 52 20 54 41 42 4c   ......ALTER TABL
51e0	45 20 4f 4e 4c 59 20 70  75 62 6c 69 63 2e 62 72   E ONLY public.br
51f0	69 67 61 64 61 0a 20 20  20 20 41 44 44 20 43 4f   igada.    ADD CO
5200	4e 53 54 52 41 49 4e 54  20 62 72 69 67 61 64 61   NSTRAINT brigada
5210	5f 69 64 5f 63 61 72 72  65 72 61 5f 66 6b 65 79   _id_carrera_fkey
5220	20 46 4f 52 45 49 47 4e  20 4b 45 59 20 28 69 64    FOREIGN KEY (id
5230	5f 63 61 72 72 65 72 61  29 20 52 45 46 45 52 45   _carrera) REFERE
5240	4e 43 45 53 20 70 75 62  6c 69 63 2e 63 61 72 72   NCES public.carr
5250	65 72 61 28 69 64 5f 63  61 72 72 65 72 61 29 20   era(id_carrera) 
5260	4f 4e 20 44 45 4c 45 54  45 20 43 41 53 43 41 44   ON DELETE CASCAD
5270	45 3b 0a 00 49 00 00 00  41 4c 54 45 52 20 54 41   E;..I...ALTER TA
5280	42 4c 45 20 4f 4e 4c 59  20 70 75 62 6c 69 63 2e   BLE ONLY public.
5290	62 72 69 67 61 64 61 20  44 52 4f 50 20 43 4f 4e   brigada DROP CON
52a0	53 54 52 41 49 4e 54 20  62 72 69 67 61 64 61 5f   STRAINT brigada_
52b0	69 64 5f 63 61 72 72 65  72 61 5f 66 6b 65 79 3b   id_carrera_fkey;
52c0	0a 01 01 00 00 00 00 06  00 00 00 70 75 62 6c 69   ...........publi
52d0	63 01 01 00 00 00 01 01  00 00 00 00 08 00 00 00   c...............
52e0	70 6f 73 74 67 72 65 73  00 05 00 00 00 66 61 6c   postgres.....fal
52f0	73 65 00 03 00 00 00 32  31 37 00 03 00 00 00 32   se.....217.....2
5300	32 32 00 04 00 00 00 33  32 32 39 01 01 00 00 00   22.....3229.....
5310	03 00 00 00 00 00 00 00  00 00 ef bf bd 0c 00 00   ................
5320	00 00 00 00 00 00 04 00  00 00 32 36 30 36 00 05   ..........2606..
5330	00 00 00 32 34 36 32 37  00 38 00 00 00 63 61 72   ...24627.8...car
5340	72 65 72 61 5f 61 73 69  67 6e 61 74 75 72 61 20   rera_asignatura 
5350	63 61 72 72 65 72 61 5f  61 73 69 67 6e 61 74 75   carrera_asignatu
5360	72 61 5f 69 64 5f 61 73  69 67 6e 61 74 75 72 61   ra_id_asignatura
5370	5f 66 6b 65 79 00 0a 00  00 00 46 4b 20 43 4f 4e   _fkey.....FK CON
5380	53 54 52 41 49 4e 54 00  04 00 00 00 00 ef bf bd   STRAINT.........
5390	00 00 00 41 4c 54 45 52  20 54 41 42 4c 45 20 4f   ...ALTER TABLE O
53a0	4e 4c 59 20 70 75 62 6c  69 63 2e 63 61 72 72 65   NLY public.carre
53b0	72 61 5f 61 73 69 67 6e  61 74 75 72 61 0a 20 20   ra_asignatura.  
53c0	20 20 41 44 44 20 43 4f  4e 53 54 52 41 49 4e 54     ADD CONSTRAINT
53d0	20 63 61 72 72 65 72 61  5f 61 73 69 67 6e 61 74    carrera_asignat
53e0	75 72 61 5f 69 64 5f 61  73 69 67 6e 61 74 75 72   ura_id_asignatur
53f0	61 5f 66 6b 65 79 20 46  4f 52 45 49 47 4e 20 4b   a_fkey FOREIGN K
5400	45 59 20 28 69 64 5f 61  73 69 67 6e 61 74 75 72   EY (id_asignatur
5410	61 29 20 52 45 46 45 52  45 4e 43 45 53 20 70 75   a) REFERENCES pu
5420	62 6c 69 63 2e 61 73 69  67 6e 61 74 75 72 61 28   blic.asignatura(
5430	69 64 5f 61 73 69 67 6e  61 74 75 72 61 29 20 4f   id_asignatura) O
5440	4e 20 44 45 4c 45 54 45  20 43 41 53 43 41 44 45   N DELETE CASCADE
5450	3b 0a 00 62 00 00 00 41  4c 54 45 52 20 54 41 42   ;..b...ALTER TAB
5460	4c 45 20 4f 4e 4c 59 20  70 75 62 6c 69 63 2e 63   LE ONLY public.c
5470	61 72 72 65 72 61 5f 61  73 69 67 6e 61 74 75 72   arrera_asignatur
5480	61 20 44 52 4f 50 20 43  4f 4e 53 54 52 41 49 4e   a DROP CONSTRAIN
5490	54 20 63 61 72 72 65 72  61 5f 61 73 69 67 6e 61   T carrera_asigna
54a0	74 75 72 61 5f 69 64 5f  61 73 69 67 6e 61 74 75   tura_id_asignatu
54b0	72 61 5f 66 6b 65 79 3b  0a 01 01 00 00 00 00 06   ra_fkey;........
54c0	00 00 00 70 75 62 6c 69  63 01 01 00 00 00 01 01   ...public.......
54d0	00 00 00 00 08 00 00 00  70 6f 73 74 67 72 65 73   ........postgres
54e0	00 05 00 00 00 66 61 6c  73 65 00 03 00 00 00 32   .....false.....2
54f0	31 39 00 03 00 00 00 32  32 30 00 04 00 00 00 33   19.....220.....3
5500	32 33 33 01 01 00 00 00  03 00 00 00 00 00 00 00   233.............
5510	00 00 ef bf bd 0c 00 00  00 00 00 00 00 00 04 00   ................
5520	00 00 32 36 30 36 00 05  00 00 00 32 34 36 32 32   ..2606.....24622
5530	00 35 00 00 00 63 61 72  72 65 72 61 5f 61 73 69   .5...carrera_asi
5540	67 6e 61 74 75 72 61 20  63 61 72 72 65 72 61 5f   gnatura carrera_
5550	61 73 69 67 6e 61 74 75  72 61 5f 69 64 5f 63 61   asignatura_id_ca
5560	72 72 65 72 61 5f 66 6b  65 79 00 0a 00 00 00 46   rrera_fkey.....F
5570	4b 20 43 4f 4e 53 54 52  41 49 4e 54 00 04 00 00   K CONSTRAINT....
5580	00 00 ef bf bd 00 00 00  41 4c 54 45 52 20 54 41   ........ALTER TA
5590	42 4c 45 20 4f 4e 4c 59  20 70 75 62 6c 69 63 2e   BLE ONLY public.
55a0	63 61 72 72 65 72 61 5f  61 73 69 67 6e 61 74 75   carrera_asignatu
55b0	72 61 0a 20 20 20 20 41  44 44 20 43 4f 4e 53 54   ra.    ADD CONST
55c0	52 41 49 4e 54 20 63 61  72 72 65 72 61 5f 61 73   RAINT carrera_as
55d0	69 67 6e 61 74 75 72 61  5f 69 64 5f 63 61 72 72   ignatura_id_carr
55e0	65 72 61 5f 66 6b 65 79  20 46 4f 52 45 49 47 4e   era_fkey FOREIGN
55f0	20 4b 45 59 20 28 69 64  5f 63 61 72 72 65 72 61    KEY (id_carrera
5600	29 20 52 45 46 45 52 45  4e 43 45 53 20 70 75 62   ) REFERENCES pub
5610	6c 69 63 2e 63 61 72 72  65 72 61 28 69 64 5f 63   lic.carrera(id_c
5620	61 72 72 65 72 61 29 20  4f 4e 20 44 45 4c 45 54   arrera) ON DELET
5630	45 20 43 41 53 43 41 44  45 3b 0a 00 5f 00 00 00   E CASCADE;.._...
5640	41 4c 54 45 52 20 54 41  42 4c 45 20 4f 4e 4c 59   ALTER TABLE ONLY
5650	20 70 75 62 6c 69 63 2e  63 61 72 72 65 72 61 5f    public.carrera_
5660	61 73 69 67 6e 61 74 75  72 61 20 44 52 4f 50 20   asignatura DROP 
5670	43 4f 4e 53 54 52 41 49  4e 54 20 63 61 72 72 65   CONSTRAINT carre
5680	72 61 5f 61 73 69 67 6e  61 74 75 72 61 5f 69 64   ra_asignatura_id
5690	5f 63 61 72 72 65 72 61  5f 66 6b 65 79 3b 0a 01   _carrera_fkey;..
56a0	01 00 00 00 00 06 00 00  00 70 75 62 6c 69 63 01   .........public.
56b0	01 00 00 00 01 01 00 00  00 00 08 00 00 00 70 6f   ..............po
56c0	73 74 67 72 65 73 00 05  00 00 00 66 61 6c 73 65   stgres.....false
56d0	00 04 00 00 00 33 32 32  39 00 03 00 00 00 32 32   .....3229.....22
56e0	30 00 03 00 00 00 32 31  37 01 01 00 00 00 03 00   0.....217.......
56f0	00 00 00 00 00 00 00 00  ef bf bd 0c 00 00 00 00   ................
5700	00 00 00 00 04 00 00 00  32 36 30 36 00 05 00 00   ........2606....
5710	00 32 34 36 30 33 00 20  00 00 00 63 61 72 72 65   .24603. ...carre
5720	72 61 20 63 61 72 72 65  72 61 5f 69 64 5f 66 61   ra carrera_id_fa
5730	63 75 6c 74 61 64 5f 66  6b 65 79 00 0a 00 00 00   cultad_fkey.....
5740	46 4b 20 43 4f 4e 53 54  52 41 49 4e 54 00 04 00   FK CONSTRAINT...
5750	00 00 00 ef bf bd 00 00  00 41 4c 54 45 52 20 54   .........ALTER T
5760	41 42 4c 45 20 4f 4e 4c  59 20 70 75 62 6c 69 63   ABLE ONLY public
5770	2e 63 61 72 72 65 72 61  0a 20 20 20 20 41 44 44   .carrera.    ADD
5780	20 43 4f 4e 53 54 52 41  49 4e 54 20 63 61 72 72    CONSTRAINT carr
5790	65 72 61 5f 69 64 5f 66  61 63 75 6c 74 61 64 5f   era_id_facultad_
57a0	66 6b 65 79 20 46 4f 52  45 49 47 4e 20 4b 45 59   fkey FOREIGN KEY
57b0	20 28 69 64 5f 66 61 63  75 6c 74 61 64 29 20 52    (id_facultad) R
57c0	45 46 45 52 45 4e 43 45  53 20 70 75 62 6c 69 63   EFERENCES public
57d0	2e 66 61 63 75 6c 74 61  64 28 69 64 5f 66 61 63   .facultad(id_fac
57e0	75 6c 74 61 64 29 20 4f  4e 20 44 45 4c 45 54 45   ultad) ON DELETE
57f0	20 43 41 53 43 41 44 45  3b 0a 00 4a 00 00 00 41    CASCADE;..J...A
5800	4c 54 45 52 20 54 41 42  4c 45 20 4f 4e 4c 59 20   LTER TABLE ONLY 
5810	70 75 62 6c 69 63 2e 63  61 72 72 65 72 61 20 44   public.carrera D
5820	52 4f 50 20 43 4f 4e 53  54 52 41 49 4e 54 20 63   ROP CONSTRAINT c
5830	61 72 72 65 72 61 5f 69  64 5f 66 61 63 75 6c 74   arrera_id_facult
5840	61 64 5f 66 6b 65 79 3b  0a 01 01 00 00 00 00 06   ad_fkey;........
5850	00 00 00 70 75 62 6c 69  63 01 01 00 00 00 01 01   ...public.......
5860	00 00 00 00 08 00 00 00  70 6f 73 74 67 72 65 73   ........postgres
5870	00 05 00 00 00 66 61 6c  73 65 00 03 00 00 00 32   .....false.....2
5880	31 37 00 04 00 00 00 33  32 32 35 00 03 00 00 00   17.....3225.....
5890	32 31 35 01 01 00 00 00  03 00 00 00 00 00 00 00   215.............
58a0	00 00 ef bf bd 0c 00 00  00 00 00 00 00 00 04 00   ................
58b0	00 00 32 36 30 36 00 05  00 00 00 32 34 36 36 33   ..2606.....24663
58c0	00 25 00 00 00 65 73 74  75 64 69 61 6e 74 65 20   .%...estudiante 
58d0	65 73 74 75 64 69 61 6e  74 65 5f 69 64 5f 62 72   estudiante_id_br
58e0	69 67 61 64 61 5f 66 6b  65 79 00 0a 00 00 00 46   igada_fkey.....F
58f0	4b 20 43 4f 4e 53 54 52  41 49 4e 54 00 04 00 00   K CONSTRAINT....
5900	00 00 ef bf bd 00 00 00  41 4c 54 45 52 20 54 41   ........ALTER TA
5910	42 4c 45 20 4f 4e 4c 59  20 70 75 62 6c 69 63 2e   BLE ONLY public.
5920	65 73 74 75 64 69 61 6e  74 65 0a 20 20 20 20 41   estudiante.    A
5930	44 44 20 43 4f 4e 53 54  52 41 49 4e 54 20 65 73   DD CONSTRAINT es
5940	74 75 64 69 61 6e 74 65  5f 69 64 5f 62 72 69 67   tudiante_id_brig
5950	61 64 61 5f 66 6b 65 79  20 46 4f 52 45 49 47 4e   ada_fkey FOREIGN
5960	20 4b 45 59 20 28 69 64  5f 62 72 69 67 61 64 61    KEY (id_brigada
5970	29 20 52 45 46 45 52 45  4e 43 45 53 20 70 75 62   ) REFERENCES pub
5980	6c 69 63 2e 62 72 69 67  61 64 61 28 69 64 5f 62   lic.brigada(id_b
5990	72 69 67 61 64 61 29 20  4f 4e 20 44 45 4c 45 54   rigada) ON DELET
59a0	45 20 43 41 53 43 41 44  45 3b 0a 00 4f 00 00 00   E CASCADE;..O...
59b0	41 4c 54 45 52 20 54 41  42 4c 45 20 4f 4e 4c 59   ALTER TABLE ONLY
59c0	20 70 75 62 6c 69 63 2e  65 73 74 75 64 69 61 6e    public.estudian
59d0	74 65 20 44 52 4f 50 20  43 4f 4e 53 54 52 41 49   te DROP CONSTRAI
59e0	4e 54 20 65 73 74 75 64  69 61 6e 74 65 5f 69 64   NT estudiante_id
59f0	5f 62 72 69 67 61 64 61  5f 66 6b 65 79 3b 0a 01   _brigada_fkey;..
5a00	01 00 00 00 00 06 00 00  00 70 75 62 6c 69 63 01   .........public.
5a10	01 00 00 00 01 01 00 00  00 00 08 00 00 00 70 6f   ..............po
5a20	73 74 67 72 65 73 00 05  00 00 00 66 61 6c 73 65   stgres.....false
5a30	00 03 00 00 00 32 32 32  00 04 00 00 00 33 32 33   .....222.....323
5a40	37 00 03 00 00 00 32 32  36 01 01 00 00 00 03 00   7.....226.......
5a50	00 00 00 00 00 00 00 00  ef bf bd 0c 00 00 00 00   ................
5a60	00 00 00 00 04 00 00 00  32 36 30 36 00 05 00 00   ........2606....
5a70	00 32 34 37 30 36 00 1c  00 00 00 6e 6f 74 61 20   .24706.....nota 
5a80	6e 6f 74 61 5f 69 64 5f  61 73 69 67 6e 61 74 75   nota_id_asignatu
5a90	72 61 5f 66 6b 65 79 00  0a 00 00 00 46 4b 20 43   ra_fkey.....FK C
5aa0	4f 4e 53 54 52 41 49 4e  54 00 04 00 00 00 00 ef   ONSTRAINT.......
5ab0	bf bd 00 00 00 41 4c 54  45 52 20 54 41 42 4c 45   .....ALTER TABLE
5ac0	20 4f 4e 4c 59 20 70 75  62 6c 69 63 2e 6e 6f 74    ONLY public.not
5ad0	61 0a 20 20 20 20 41 44  44 20 43 4f 4e 53 54 52   a.    ADD CONSTR
5ae0	41 49 4e 54 20 6e 6f 74  61 5f 69 64 5f 61 73 69   AINT nota_id_asi
5af0	67 6e 61 74 75 72 61 5f  66 6b 65 79 20 46 4f 52   gnatura_fkey FOR
5b00	45 49 47 4e 20 4b 45 59  20 28 69 64 5f 61 73 69   EIGN KEY (id_asi
5b10	67 6e 61 74 75 72 61 29  20 52 45 46 45 52 45 4e   gnatura) REFEREN
5b20	43 45 53 20 70 75 62 6c  69 63 2e 61 73 69 67 6e   CES public.asign
5b30	61 74 75 72 61 28 69 64  5f 61 73 69 67 6e 61 74   atura(id_asignat
5b40	75 72 61 29 20 4f 4e 20  44 45 4c 45 54 45 20 43   ura) ON DELETE C
5b50	41 53 43 41 44 45 3b 0a  00 46 00 00 00 41 4c 54   ASCADE;..F...ALT
5b60	45 52 20 54 41 42 4c 45  20 4f 4e 4c 59 20 70 75   ER TABLE ONLY pu
5b70	62 6c 69 63 2e 6e 6f 74  61 20 44 52 4f 50 20 43   blic.nota DROP C
5b80	4f 4e 53 54 52 41 49 4e  54 20 6e 6f 74 61 5f 69   ONSTRAINT nota_i
5b90	64 5f 61 73 69 67 6e 61  74 75 72 61 5f 66 6b 65   d_asignatura_fke
5ba0	79 3b 0a 01 01 00 00 00  00 06 00 00 00 70 75 62   y;...........pub
5bb0	6c 69 63 01 01 00 00 00  01 01 00 00 00 00 08 00   lic.............
5bc0	00 00 70 6f 73 74 67 72  65 73 00 05 00 00 00 66   ..postgres.....f
5bd0	61 6c 73 65 00 04 00 00  00 33 32 33 33 00 03 00   alse.....3233...
5be0	00 00 32 31 39 00 03 00  00 00 32 33 30 01 01 00   ..219.....230...
5bf0	00 00 03 00 00 00 00 00  00 00 00 00 ef bf bd 0c   ................
5c00	00 00 00 00 00 00 00 00  04 00 00 00 32 36 30 36   ............2606
5c10	00 05 00 00 00 32 34 37  30 31 00 1c 00 00 00 6e   .....24701.....n
5c20	6f 74 61 20 6e 6f 74 61  5f 69 64 5f 65 73 74 75   ota nota_id_estu
5c30	64 69 61 6e 74 65 5f 66  6b 65 79 00 0a 00 00 00   diante_fkey.....
5c40	46 4b 20 43 4f 4e 53 54  52 41 49 4e 54 00 04 00   FK CONSTRAINT...
5c50	00 00 00 ef bf bd 00 00  00 41 4c 54 45 52 20 54   .........ALTER T
5c60	41 42 4c 45 20 4f 4e 4c  59 20 70 75 62 6c 69 63   ABLE ONLY public
5c70	2e 6e 6f 74 61 0a 20 20  20 20 41 44 44 20 43 4f   .nota.    ADD CO
5c80	4e 53 54 52 41 49 4e 54  20 6e 6f 74 61 5f 69 64   NSTRAINT nota_id
5c90	5f 65 73 74 75 64 69 61  6e 74 65 5f 66 6b 65 79   _estudiante_fkey
5ca0	20 46 4f 52 45 49 47 4e  20 4b 45 59 20 28 69 64    FOREIGN KEY (id
5cb0	5f 65 73 74 75 64 69 61  6e 74 65 29 20 52 45 46   _estudiante) REF
5cc0	45 52 45 4e 43 45 53 20  70 75 62 6c 69 63 2e 65   ERENCES public.e
5cd0	73 74 75 64 69 61 6e 74  65 28 69 64 5f 65 73 74   studiante(id_est
5ce0	75 64 69 61 6e 74 65 29  20 4f 4e 20 44 45 4c 45   udiante) ON DELE
5cf0	54 45 20 43 41 53 43 41  44 45 3b 0a 00 46 00 00   TE CASCADE;..F..
5d00	00 41 4c 54 45 52 20 54  41 42 4c 45 20 4f 4e 4c   .ALTER TABLE ONL
5d10	59 20 70 75 62 6c 69 63  2e 6e 6f 74 61 20 44 52   Y public.nota DR
5d20	4f 50 20 43 4f 4e 53 54  52 41 49 4e 54 20 6e 6f   OP CONSTRAINT no
5d30	74 61 5f 69 64 5f 65 73  74 75 64 69 61 6e 74 65   ta_id_estudiante
5d40	5f 66 6b 65 79 3b 0a 01  01 00 00 00 00 06 00 00   _fkey;..........
5d50	00 70 75 62 6c 69 63 01  01 00 00 00 01 01 00 00   .public.........
5d60	00 00 08 00 00 00 70 6f  73 74 67 72 65 73 00 05   ......postgres..
5d70	00 00 00 66 61 6c 73 65  00 03 00 00 00 32 32 36   ...false.....226
5d80	00 04 00 00 00 33 32 34  35 00 03 00 00 00 32 33   .....3245.....23
5d90	30 01 01 00 00 00 03 00  00 00 00 00 00 00 00 01   0...............
5da0	00 55 0a 00 00 00 34 00  00 00 78 ef bf bd 33 ef   .U....4...x...3.
5db0	bf bd 4c 4c ef bf bd ef  bf bd ef bf bd ef bf bd   ..LL............
5dc0	2c 2e 29 4a 4c ef bf bd  2f 72 48 ef bf bd 4d ef   ,.)JL.../rH...M.
5dd0	bf bd ef bf bd ef bf bd  4b ef bf bd ef bf bd ef   ........K.......
5de0	bf bd 34 34 32 36 ef bf  bd 34 44 ef bf bd 46 ef   ..4426...4D...F.
5df0	bf bd 29 10 03 ef bf bd  62 ef bf bd ef bf bd ef   ..).....b.......
5e00	bf bd ef bf bd 00 ef bf  bd 62 1a ef bf bd 00 00   .........b......
5e10	00 00 00 01 00 4c 0a 00  00 00 43 00 00 00 78 ef   .....L....C...x.
5e20	bf bd 33 ef bf bd ef bf  bd 4d 2c 49 ef bf bd 3d   ..3......M,I...=
5e30	ef bf bd ef bf bd 24 33  39 ef bf bd cb 9c 33 33   ......$39.....33
5e40	2f 2d ef bf bd 08 ef bf  bd 35 ef bf bd 4c 3b ef   /-.......5...L;.
5e50	bf bd ef bf bd 18 ef bf  bd 32 34 ef bf bd 4c 2d   .........24...L-
5e60	2e 48 3c ef bf bd 31 3f  47 21 27 ef bf bd 24 ef   .H<...1?G!'...$.
5e70	bf bd 28 ef bf bd ef bf  bd ef bf bd 28 ef bf bd   ..(.........(...
5e80	2b 46 ef bf bd ef bf bd  ef bf bd 0b 00 64 3a 18   +F...........d:.
5e90	71 00 00 00 00 00 01 00  4f 0a 00 00 00 1e 00 00   q.......O.......
5ea0	00 78 ef bf bd 33 ef bf  bd 34 34 ef bf bd 4c 2a   .x...3...44...L*
5eb0	ef bf bd 4c 4f 4c 49 ef  bf bd 34 ef bf bd 34 ef   ...LOLI...4...4.
5ec0	bf bd ef bf bd ef bf bd  ef bf bd ef bf bd 02 00   ................
5ed0	3b 2e 04 ef bf bd 00 00  00 00 00 01 00 4a 0a 00   ;............J..
5ee0	00 00 1f 00 00 00 78 ef  bf bd 33 34 ef bf bd 34   ......x...34...4
5ef0	ef bf bd ef bf bd ef bf  bd 4b 4f ef bf bd ef bf   .........KO.....
5f00	bd 4c 2d ef bf bd 4c ef  bf bd 34 ef bf bd ef bf   .L-...L...4.....
5f10	bd ef bf bd ef bf bd ef  bf bd 02 00 4a 3d 05 ef   ............J=..
5f20	bf bd 00 00 00 00 00 01  00 4d 0a 00 00 00 0a 00   .........M......
5f30	00 00 78 ef bf bd ef bf  bd ef bf bd ef bf bd ef   ..x.............
5f40	bf bd ef bf bd 02 00 02  ef bf bd 00 ef bf bd 00   ................
5f50	00 00 00 00 01 00 53 0a  00 00 00 3b 00 00 00 78   ......S....;...x
5f60	ef bf bd 33 ef bf bd ef  bf bd ef bf bd ef bf bd   ...3............
5f70	49 74 48 ef bf bd 4d ef  bf bd ef bf bd ef bf bd   ItH...M.........
5f80	34 35 33 31 ef bf bd 34  02 ef bf bd ef bf bd cc   4531...4........
5f90	9c ef bf bd ef bf bd 3c  20 ef bf bd ef bf bd ef   .......< .......
5fa0	bf bd 18 28 ef bf bd 5a  5c 52 ef bf bd 02 14 28   ...(...Z\R.....(
5fb0	49 55 20 12 70 ef bf bd  ef bf bd 71 71 71 01 00   IU .p......qqq..
5fc0	32 2b 13 51 00 00 00 00  00 01 00 48 0a 00 00 00   2+.Q.......H....
5fd0	14 00 00 00 78 ef bf bd  33 ef bf bd 74 73 0e 71   ....x...3...ts.q
5fe0	ef bf bd ef bf bd ef bf  bd ef bf bd ef bf bd 02   ................
5ff0	00 0f 41 02 0c 00 00 00  00 00 01 00 57 0a 00 00   ..A.........W...
6000	00 0a 00 00 00 78 ef bf  bd ef bf bd ef bf bd ef   .....x..........
6010	bf bd ef bf bd ef bf bd  02 00 02 ef bf bd 00 ef   ................
6020	bf bd 00 00 00 00 00 01  00 51 0a 00 00 00 0a 00   .........Q......
6030	00 00 78 ef bf bd ef bf  bd ef bf bd ef bf bd ef   ..x.............
6040	bf bd ef bf bd 02 00 02  ef bf bd 00 ef bf bd 00   ................
6050	00 00 00 00                                        ....
